"23OCT07","09:47","Flight Statistics Report","Page -1 of 1","Legselect: LGW 738 FLIGHTS","01AUG2007 - 07AUG2007","Time mode: UTC","Frequency: 1234567"," ","Date","Flight No","CX","AC Type","Tail No","STC","Dep","Arr","STD","ATD","STA","ATA"," "," "," "," "," "," "," "," "," "," "," "," "," "," "
"01AUG07","BA6852"," ","73H","GOXLA","C","LGW","HER","14:40","14:40","18:40","18:32","0:00","0:00"," ","0:00","0:00"," "," "," "," "," "," "," "," "," ",""," "," "," Summary","Leg","ABH","BLH","Taxi","Fuel","Pax","Total:","","","","","0","0","Minimum Value:","","","","0","0","Maximum Value:","","","","0","0","Average:","","","","0","","Operations Control","Version 2006, 2, 1, 1  (07DEC06)","DNO","Worksets/LIVE"
"23OCT07","09:47","Flight Statistics Report","Page -1 of 1","Legselect: LGW 738 FLIGHTS","01AUG2007 - 07AUG2007","Time mode: UTC","Frequency: 1234567"," ","Date","Flight No","CX","AC Type","Tail No","STC","Dep","Arr","STD","ATD","STA","ATA"," "," "," "," "," "," "," "," "," "," "," "," "," "," "
"01AUG07","BA6853"," ","73H","GOXLA","C","HER","LGW","19:40","19:35","23:35","23:29","0:00","0:00"," ","0:00","0:00"," "," "," "," "," "," "," "," "," ",""," "," "," Summary","Leg","ABH","BLH","Taxi","Fuel","Pax","Total:","","","","","0","0","Minimum Value:","","","","0","0","Maximum Value:","","","","0","0","Average:","","","","0","","Operations Control","Version 2006, 2, 1, 1  (07DEC06)","DNO","Worksets/LIVE"
"23OCT07","09:47","Flight Statistics Report","Page -1 of 1","Legselect: LGW 738 FLIGHTS","01AUG2007 - 07AUG2007","Time mode: UTC","Frequency: 1234567"," ","Date","Flight No","CX","AC Type","Tail No","STC","Dep","Arr","STD","ATD","STA","ATA"," "," "," "," "," "," "," "," "," "," "," "," "," "," "
"01AUG07","BA6932"," ","73H","GOXLA","C","LGW","MLA","06:15","06:15","09:30","09:17","0:00","0:00"," ","0:00","0:00"," "," "," "," "," "," "," "," "," ",""," "," "," Summary","Leg","ABH","BLH","Taxi","Fuel","Pax","Total:","","","","","0","0","Minimum Value:","","","","0","0","Maximum Value:","","","","0","0","Average:","","","","0","","Operations Control","Version 2006, 2, 1, 1  (07DEC06)","DNO","Worksets/LIVE"
"23OCT07","09:47","Flight Statistics Report","Page -1 of 1","Legselect: LGW 738 FLIGHTS","01AUG2007 - 07AUG2007","Time mode: UTC","Frequency: 1234567"," ","Date","Flight No","CX","AC Type","Tail No","STC","Dep","Arr","STD","ATD","STA","ATA"," "," "," "," "," "," "," "," "," "," "," "," "," "," "
"01AUG07","BA6933"," ","73H","GOXLA","C","MLA","LGW","10:25","10:25","13:40","13:43","0:00","0:00"," ","0:00","0:00"," "," "," "," "," "," "," "," "," ",""," "," "," Summary","Leg","ABH","BLH","Taxi","Fuel","Pax","Total:","","","","","0","0","Minimum Value:","","","","0","0","Maximum Value:","","","","0","0","Average:","","","","0","","Operations Control","Version 2006, 2, 1, 1  (07DEC06)","DNO","Worksets/LIVE"
"23OCT07","09:47","Flight Statistics Report","Page -1 of 1","Legselect: LGW 738 FLIGHTS","01AUG2007 - 07AUG2007","Time mode: UTC","Frequency: 1234567"," ","Date","Flight No","CX","AC Type","Tail No","STC","Dep","Arr","STD","ATD","STA","ATA"," "," "," "," "," "," "," "," "," "," "," "," "," "," "
"01AUG07","XLA5024"," ","73H","GOXLC","C","LGW","RHO","08:15","08:21","12:15","12:05","0:00","0:00"," ","0:00","0:00"," "," "," "," "," "," "," "," "," ",""," "," "," Summary","Leg","ABH","BLH","Taxi","Fuel","Pax","Total:","","","","","0","0","Minimum Value:","","","","0","0","Maximum Value:","","","","0","0","Average:","","","","0","","Operations Control","Version 2006, 2, 1, 1  (07DEC06)","DNO","Worksets/LIVE"
"23OCT07","09:47","Flight Statistics Report","Page -1 of 1","Legselect: LGW 738 FLIGHTS","01AUG2007 - 07AUG2007","Time mode: UTC","Frequency: 1234567"," ","Date","Flight No","CX","AC Type","Tail No","STC","Dep","Arr","STD","ATD","STA","ATA"," "," "," "," "," "," "," "," "," "," "," "," "," "," "
"01AUG07","XLA5025"," ","73H","GOXLC","C","RHO","LGW","13:15","13:15","17:25","17:30","0:00","0:00"," ","0:00","0:00"," "," "," "," "," "," "," "," "," ",""," "," "," Summary","Leg","ABH","BLH","Taxi","Fuel","Pax","Total:","","","","","0","0","Minimum Value:","","","","0","0","Maximum Value:","","","","0","0","Average:","","","","0","","Operations Control","Version 2006, 2, 1, 1  (07DEC06)","DNO","Worksets/LIVE"
"23OCT07","09:47","Flight Statistics Report","Page -1 of 1","Legselect: LGW 738 FLIGHTS","01AUG2007 - 07AUG2007","Time mode: UTC","Frequency: 1234567"," ","Date","Flight No","CX","AC Type","Tail No","STC","Dep","Arr","STD","ATD","STA","ATA"," "," "," "," "," "," "," "," "," "," "," "," "," "," "
"01AUG07","XLA532V"," ","73H","GOXLC","C","LGW","ALC","19:15","19:08","21:40","21:40","0:00","0:00"," ","0:00","0:00"," "," "," "," "," "," "," "," "," ",""," "," "," Summary","Leg","ABH","BLH","Taxi","Fuel","Pax","Total:","","","","","0","0","Minimum Value:","","","","0","0","Maximum Value:","","","","0","0","Average:","","","","0","","Operations Control","Version 2006, 2, 1, 1  (07DEC06)","DNO","Worksets/LIVE"
"23OCT07","09:47","Flight Statistics Report","Page -1 of 1","Legselect: LGW 738 FLIGHTS","01AUG2007 - 07AUG2007","Time mode: UTC","Frequency: 1234567"," ","Date","Flight No","CX","AC Type","Tail No","STC","Dep","Arr","STD","ATD","STA","ATA"," "," "," "," "," "," "," "," "," "," "," "," "," "," "
"01AUG07","XLA533V"," ","73H","GOXLC","C","ALC","LGW","22:40","22:33","01:05","00:50","0:00","0:00"," ","0:00","0:00"," "," "," "," "," "," "," "," "," ",""," "," "," Summary","Leg","ABH","BLH","Taxi","Fuel","Pax","Total:","","","","","0","0","Minimum Value:","","","","0","0","Maximum Value:","","","","0","0","Average:","","","","0","","Operations Control","Version 2006, 2, 1, 1  (07DEC06)","DNO","Worksets/LIVE"
"23OCT07","09:47","Flight Statistics Report","Page -1 of 1","Legselect: LGW 738 FLIGHTS","01AUG2007 - 07AUG2007","Time mode: UTC","Frequency: 1234567"," ","Date","Flight No","CX","AC Type","Tail No","STC","Dep","Arr","STD","ATD","STA","ATA"," "," "," "," "," "," "," "," "," "," "," "," "," "," "
"01AUG07","XLA5140"," ","73H","GXLAD","C","LGW","PFO","12:55","12:50","17:35","17:32","0:00","0:00"," ","0:00","0:00"," "," "," "," "," "," "," "," "," ",""," "," "," Summary","Leg","ABH","BLH","Taxi","Fuel","Pax","Total:","","","","","0","0","Minimum Value:","","","","0","0","Maximum Value:","","","","0","0","Average:","","","","0","","Operations Control","Version 2006, 2, 1, 1  (07DEC06)","DNO","Worksets/LIVE"
"23OCT07","09:47","Flight Statistics Report","Page -1 of 1","Legselect: LGW 738 FLIGHTS","01AUG2007 - 07AUG2007","Time mode: UTC","Frequency: 1234567"," ","Date","Flight No","CX","AC Type","Tail No","STC","Dep","Arr","STD","ATD","STA","ATA"," "," "," "," "," "," "," "," "," "," "," "," "," "," "
"01AUG07","XLA5141"," ","73H","GXLAD","C","PFO","LGW","18:35","18:27","23:15","22:59","0:00","0:00"," ","0:00","0:00"," "," "," "," "," "," "," "," "," ",""," "," "," Summary","Leg","ABH","BLH","Taxi","Fuel","Pax","Total:","","","","","0","0","Minimum Value:","","","","0","0","Maximum Value:","","","","0","0","Average:","","","","0","","Operations Control","Version 2006, 2, 1, 1  (07DEC06)","DNO","Worksets/LIVE"
"23OCT07","09:47","Flight Statistics Report","Page -1 of 1","Legselect: LGW 738 FLIGHTS","01AUG2007 - 07AUG2007","Time mode: UTC","Frequency: 1234567"," ","Date","Flight No","CX","AC Type","Tail No","STC","Dep","Arr","STD","ATD","STA","ATA"," "," "," "," "," "," "," "," "," "," "," "," "," "," "
"01AUG07","XLA5188"," ","73H","GXLAI","C","LGW","LCA","14:40","14:45","19:10","19:12","0:00","0:00"," ","0:00","0:00"," "," "," "," "," "," "," "," "," ",""," "," "," Summary","Leg","ABH","BLH","Taxi","Fuel","Pax","Total:","","","","","0","0","Minimum Value:","","","","0","0","Maximum Value:","","","","0","0","Average:","","","","0","","Operations Control","Version 2006, 2, 1, 1  (07DEC06)","DNO","Worksets/LIVE"
"23OCT07","09:47","Flight Statistics Report","Page -1 of 1","Legselect: LGW 738 FLIGHTS","01AUG2007 - 07AUG2007","Time mode: UTC","Frequency: 1234567"," ","Date","Flight No","CX","AC Type","Tail No","STC","Dep","Arr","STD","ATD","STA","ATA"," "," "," "," "," "," "," "," "," "," "," "," "," "," "
"01AUG07","XLA5189"," ","73H","GXLAI","C","LCA","LGW","20:10","20:25","01:00","01:10","0:00","0:00"," ","0:00","0:00"," "," "," "," "," "," "," "," "," ",""," "," "," Summary","Leg","ABH","BLH","Taxi","Fuel","Pax","Total:","","","","","0","0","Minimum Value:","","","","0","0","Maximum Value:","","","","0","0","Average:","","","","0","","Operations Control","Version 2006, 2, 1, 1  (07DEC06)","DNO","Worksets/LIVE"
"23OCT07","09:47","Flight Statistics Report","Page -1 of 1","Legselect: LGW 738 FLIGHTS","01AUG2007 - 07AUG2007","Time mode: UTC","Frequency: 1234567"," ","Date","Flight No","CX","AC Type","Tail No","STC","Dep","Arr","STD","ATD","STA","ATA"," "," "," "," "," "," "," "," "," "," "," "," "," "," "
"01AUG07","XLA5298"," ","73H","GXLAI","C","LGW","PVK","05:10","05:10","08:30","08:20","0:00","0:00"," ","0:00","0:00"," "," "," "," "," "," "," "," "," ",""," "," "," Summary","Leg","ABH","BLH","Taxi","Fuel","Pax","Total:","","","","","0","0","Minimum Value:","","","","0","0","Maximum Value:","","","","0","0","Average:","","","","0","","Operations Control","Version 2006, 2, 1, 1  (07DEC06)","DNO","Worksets/LIVE"
"23OCT07","09:47","Flight Statistics Report","Page -1 of 1","Legselect: LGW 738 FLIGHTS","01AUG2007 - 07AUG2007","Time mode: UTC","Frequency: 1234567"," ","Date","Flight No","CX","AC Type","Tail No","STC","Dep","Arr","STD","ATD","STA","ATA"," "," "," "," "," "," "," "," "," "," "," "," "," "," "
"01AUG07","XLA5299"," ","73H","GXLAI","C","PVK","LGW","09:40","09:20","12:55","12:25","0:00","0:00"," ","0:00","0:00"," "," "," "," "," "," "," "," "," ",""," "," "," Summary","Leg","ABH","BLH","Taxi","Fuel","Pax","Total:","","","","","0","0","Minimum Value:","","","","0","0","Maximum Value:","","","","0","0","Average:","","","","0","","Operations Control","Version 2006, 2, 1, 1  (07DEC06)","DNO","Worksets/LIVE"
"23OCT07","09:47","Flight Statistics Report","Page -1 of 1","Legselect: LGW 738 FLIGHTS","01AUG2007 - 07AUG2007","Time mode: UTC","Frequency: 1234567"," ","Date","Flight No","CX","AC Type","Tail No","STC","Dep","Arr","STD","ATD","STA","ATA"," "," "," "," "," "," "," "," "," "," "," "," "," "," "
"01AUG07","XLA546V"," ","73H","GXLAN","C","LGW","FUE","15:40","15:34","19:50","19:54","0:00","0:00"," ","0:00","0:00"," "," "," "," "," "," "," "," "," ",""," "," "," Summary","Leg","ABH","BLH","Taxi","Fuel","Pax","Total:","","","","","0","0","Minimum Value:","","","","0","0","Maximum Value:","","","","0","0","Average:","","","","0","","Operations Control","Version 2006, 2, 1, 1  (07DEC06)","DNO","Worksets/LIVE"
"23OCT07","09:47","Flight Statistics Report","Page -1 of 1","Legselect: LGW 738 FLIGHTS","01AUG2007 - 07AUG2007","Time mode: UTC","Frequency: 1234567"," ","Date","Flight No","CX","AC Type","Tail No","STC","Dep","Arr","STD","ATD","STA","ATA"," "," "," "," "," "," "," "," "," "," "," "," "," "," "
"01AUG07","XLA547V"," ","73H","GXLAN","C","FUE","LGW","20:50","20:45","00:50","00:28","0:00","0:00"," ","0:00","0:00"," "," "," "," "," "," "," "," "," ",""," "," "," Summary","Leg","ABH","BLH","Taxi","Fuel","Pax","Total:","","","","","0","0","Minimum Value:","","","","0","0","Maximum Value:","","","","0","0","Average:","","","","0","","Operations Control","Version 2006, 2, 1, 1  (07DEC06)","DNO","Worksets/LIVE"
"23OCT07","09:47","Flight Statistics Report","Page -1 of 1","Legselect: LGW 738 FLIGHTS","01AUG2007 - 07AUG2007","Time mode: UTC","Frequency: 1234567"," ","Date","Flight No","CX","AC Type","Tail No","STC","Dep","Arr","STD","ATD","STA","ATA"," "," "," "," "," "," "," "," "," "," "," "," "," "," "
"01AUG07","XLA5602"," ","73H","GXLAN","C","LGW","DLM","04:40","04:34","08:45","08:22","0:00","0:00"," ","0:00","0:00"," "," "," "," "," "," "," "," "," ",""," "," "," Summary","Leg","ABH","BLH","Taxi","Fuel","Pax","Total:","","","","","0","0","Minimum Value:","","","","0","0","Maximum Value:","","","","0","0","Average:","","","","0","","Operations Control","Version 2006, 2, 1, 1  (07DEC06)","DNO","Worksets/LIVE"
"23OCT07","09:47","Flight Statistics Report","Page -1 of 1","Legselect: LGW 738 FLIGHTS","01AUG2007 - 07AUG2007","Time mode: UTC","Frequency: 1234567"," ","Date","Flight No","CX","AC Type","Tail No","STC","Dep","Arr","STD","ATD","STA","ATA"," "," "," "," "," "," "," "," "," "," "," "," "," "," "
"01AUG07","XLA5603"," ","73H","GXLAN","C","DLM","LGW","09:45","09:30","13:55","13:45","0:00","0:00"," ","0:00","0:00"," "," "," "," "," "," "," "," "," ",""," "," "," Summary","Leg","ABH","BLH","Taxi","Fuel","Pax","Total:","","","","","0","0","Minimum Value:","","","","0","0","Maximum Value:","","","","0","0","Average:","","","","0","","Operations Control","Version 2006, 2, 1, 1  (07DEC06)","DNO","Worksets/LIVE"
"23OCT07","09:47","Flight Statistics Report","Page -1 of 1","Legselect: LGW 738 FLIGHTS","01AUG2007 - 07AUG2007","Time mode: UTC","Frequency: 1234567"," ","Date","Flight No","CX","AC Type","Tail No","STC","Dep","Arr","STD","ATD","STA","ATA"," "," "," "," "," "," "," "," "," "," "," "," "," "," "
"02AUG07","BA6842"," ","73H","GOXLA","C","LGW","PFO","13:05","14:00","17:30","18:09","0:00","0:00"," ","0:00","0:00"," "," "," "," "," "," "," "," "," ",""," "," "," Summary","Leg","ABH","BLH","Taxi","Fuel","Pax","Total:","","","","","0","0","Minimum Value:","","","","0","0","Maximum Value:","","","","0","0","Average:","","","","0","","Operations Control","Version 2006, 2, 1, 1  (07DEC06)","DNO","Worksets/LIVE"
"23OCT07","09:47","Flight Statistics Report","Page -1 of 1","Legselect: LGW 738 FLIGHTS","01AUG2007 - 07AUG2007","Time mode: UTC","Frequency: 1234567"," ","Date","Flight No","CX","AC Type","Tail No","STC","Dep","Arr","STD","ATD","STA","ATA"," "," "," "," "," "," "," "," "," "," "," "," "," "," "
"02AUG07","BA6843"," ","73H","GOXLA","C","PFO","LGW","18:30","19:00","23:15","23:39","0:00","0:00"," ","0:00","0:00"," "," "," "," "," "," "," "," "," ",""," "," "," Summary","Leg","ABH","BLH","Taxi","Fuel","Pax","Total:","","","","","0","0","Minimum Value:","","","","0","0","Maximum Value:","","","","0","0","Average:","","","","0","","Operations Control","Version 2006, 2, 1, 1  (07DEC06)","DNO","Worksets/LIVE"
"23OCT07","09:47","Flight Statistics Report","Page -1 of 1","Legselect: LGW 738 FLIGHTS","01AUG2007 - 07AUG2007","Time mode: UTC","Frequency: 1234567"," ","Date","Flight No","CX","AC Type","Tail No","STC","Dep","Arr","STD","ATD","STA","ATA"," "," "," "," "," "," "," "," "," "," "," "," "," "," "
"02AUG07","BA6966"," ","73H","GOXLA","C","LGW","ALC","06:00","06:08","08:35","08:58","0:00","0:00"," ","0:00","0:00"," "," "," "," "," "," "," "," "," ",""," "," "," Summary","Leg","ABH","BLH","Taxi","Fuel","Pax","Total:","","","","","0","0","Minimum Value:","","","","0","0","Maximum Value:","","","","0","0","Average:","","","","0","","Operations Control","Version 2006, 2, 1, 1  (07DEC06)","DNO","Worksets/LIVE"
"23OCT07","09:47","Flight Statistics Report","Page -1 of 1","Legselect: LGW 738 FLIGHTS","01AUG2007 - 07AUG2007","Time mode: UTC","Frequency: 1234567"," ","Date","Flight No","CX","AC Type","Tail No","STC","Dep","Arr","STD","ATD","STA","ATA"," "," "," "," "," "," "," "," "," "," "," "," "," "," "
"02AUG07","BA6967"," ","73H","GOXLA","C","ALC","LGW","09:25","10:05","12:05","12:28","0:00","0:00"," ","0:00","0:00"," "," "," "," "," "," "," "," "," ",""," "," "," Summary","Leg","ABH","BLH","Taxi","Fuel","Pax","Total:","","","","","0","0","Minimum Value:","","","","0","0","Maximum Value:","","","","0","0","Average:","","","","0","","Operations Control","Version 2006, 2, 1, 1  (07DEC06)","DNO","Worksets/LIVE"
"23OCT07","09:47","Flight Statistics Report","Page -1 of 1","Legselect: LGW 738 FLIGHTS","01AUG2007 - 07AUG2007","Time mode: UTC","Frequency: 1234567"," ","Date","Flight No","CX","AC Type","Tail No","STC","Dep","Arr","STD","ATD","STA","ATA"," "," "," "," "," "," "," "," "," "," "," "," "," "," "
"02AUG07","XLA5064"," ","73H","GOXLC","C","LGW","SMI","04:55","04:55","08:50","09:05","0:00","0:00"," ","0:00","0:00"," "," "," "," "," "," "," "," "," ",""," "," "," Summary","Leg","ABH","BLH","Taxi","Fuel","Pax","Total:","","","","","0","0","Minimum Value:","","","","0","0","Maximum Value:","","","","0","0","Average:","","","","0","","Operations Control","Version 2006, 2, 1, 1  (07DEC06)","DNO","Worksets/LIVE"
"23OCT07","09:47","Flight Statistics Report","Page -1 of 1","Legselect: LGW 738 FLIGHTS","01AUG2007 - 07AUG2007","Time mode: UTC","Frequency: 1234567"," ","Date","Flight No","CX","AC Type","Tail No","STC","Dep","Arr","STD","ATD","STA","ATA"," "," "," "," "," "," "," "," "," "," "," "," "," "," "
"02AUG07","XLA5065"," ","73H","GOXLC","C","SMI","LGW","09:50","09:50","13:55","13:57","0:00","0:00"," ","0:00","0:00"," "," "," "," "," "," "," "," "," ",""," "," "," Summary","Leg","ABH","BLH","Taxi","Fuel","Pax","Total:","","","","","0","0","Minimum Value:","","","","0","0","Maximum Value:","","","","0","0","Average:","","","","0","","Operations Control","Version 2006, 2, 1, 1  (07DEC06)","DNO","Worksets/LIVE"
"23OCT07","09:47","Flight Statistics Report","Page -1 of 1","Legselect: LGW 738 FLIGHTS","01AUG2007 - 07AUG2007","Time mode: UTC","Frequency: 1234567"," ","Date","Flight No","CX","AC Type","Tail No","STC","Dep","Arr","STD","ATD","STA","ATA"," "," "," "," "," "," "," "," "," "," "," "," "," "," "
"02AUG07","XLA542V"," ","73H","GOXLC","C","LGW","ALC","15:30","15:30","17:50","17:40","0:00","0:00"," ","0:00","0:00"," "," "," "," "," "," "," "," "," ",""," "," "," Summary","Leg","ABH","BLH","Taxi","Fuel","Pax","Total:","","","","","0","0","Minimum Value:","","","","0","0","Maximum Value:","","","","0","0","Average:","","","","0","","Operations Control","Version 2006, 2, 1, 1  (07DEC06)","DNO","Worksets/LIVE"
"23OCT07","09:47","Flight Statistics Report","Page -1 of 1","Legselect: LGW 738 FLIGHTS","01AUG2007 - 07AUG2007","Time mode: UTC","Frequency: 1234567"," ","Date","Flight No","CX","AC Type","Tail No","STC","Dep","Arr","STD","ATD","STA","ATA"," "," "," "," "," "," "," "," "," "," "," "," "," "," "
"02AUG07","XLA543V"," ","73H","GOXLC","C","ALC","LGW","18:50","18:50","21:15","21:25","0:00","0:00"," ","0:00","0:00"," "," "," "," "," "," "," "," "," ",""," "," "," Summary","Leg","ABH","BLH","Taxi","Fuel","Pax","Total:","","","","","0","0","Minimum Value:","","","","0","0","Maximum Value:","","","","0","0","Average:","","","","0","","Operations Control","Version 2006, 2, 1, 1  (07DEC06)","DNO","Worksets/LIVE"
"23OCT07","09:47","Flight Statistics Report","Page -1 of 1","Legselect: LGW 738 FLIGHTS","01AUG2007 - 07AUG2007","Time mode: UTC","Frequency: 1234567"," ","Date","Flight No","CX","AC Type","Tail No","STC","Dep","Arr","STD","ATD","STA","ATA"," "," "," "," "," "," "," "," "," "," "," "," "," "," "
"02AUG07","XLA5234"," ","73H","GXLAD","C","LGW","ZTH","12:35","12:25","15:50","15:40","0:00","0:00"," ","0:00","0:00"," "," "," "," "," "," "," "," "," ",""," "," "," Summary","Leg","ABH","BLH","Taxi","Fuel","Pax","Total:","","","","","0","0","Minimum Value:","","","","0","0","Maximum Value:","","","","0","0","Average:","","","","0","","Operations Control","Version 2006, 2, 1, 1  (07DEC06)","DNO","Worksets/LIVE"
"23OCT07","09:47","Flight Statistics Report","Page -1 of 1","Legselect: LGW 738 FLIGHTS","01AUG2007 - 07AUG2007","Time mode: UTC","Frequency: 1234567"," ","Date","Flight No","CX","AC Type","Tail No","STC","Dep","Arr","STD","ATD","STA","ATA"," "," "," "," "," "," "," "," "," "," "," "," "," "," "
"02AUG07","XLA5235"," ","73H","GXLAD","C","ZTH","LGW","16:50","16:50","20:20","20:15","0:00","0:00"," ","0:00","0:00"," "," "," "," "," "," "," "," "," ",""," "," "," Summary","Leg","ABH","BLH","Taxi","Fuel","Pax","Total:","","","","","0","0","Minimum Value:","","","","0","0","Maximum Value:","","","","0","0","Average:","","","","0","","Operations Control","Version 2006, 2, 1, 1  (07DEC06)","DNO","Worksets/LIVE"
"23OCT07","09:47","Flight Statistics Report","Page -1 of 1","Legselect: LGW 738 FLIGHTS","01AUG2007 - 07AUG2007","Time mode: UTC","Frequency: 1234567"," ","Date","Flight No","CX","AC Type","Tail No","STC","Dep","Arr","STD","ATD","STA","ATA"," "," "," "," "," "," "," "," "," "," "," "," "," "," "
"02AUG07","XLA524V"," ","73H","GXLAD","C","LGW","FAO","04:20","04:12","07:00","06:45","0:00","0:00"," ","0:00","0:00"," "," "," "," "," "," "," "," "," ",""," "," "," Summary","Leg","ABH","BLH","Taxi","Fuel","Pax","Total:","","","","","0","0","Minimum Value:","","","","0","0","Maximum Value:","","","","0","0","Average:","","","","0","","Operations Control","Version 2006, 2, 1, 1  (07DEC06)","DNO","Worksets/LIVE"
"23OCT07","09:47","Flight Statistics Report","Page -1 of 1","Legselect: LGW 738 FLIGHTS","01AUG2007 - 07AUG2007","Time mode: UTC","Frequency: 1234567"," ","Date","Flight No","CX","AC Type","Tail No","STC","Dep","Arr","STD","ATD","STA","ATA"," "," "," "," "," "," "," "," "," "," "," "," "," "," "
"02AUG07","XLA525V"," ","73H","GXLAD","C","FAO","LGW","07:55","07:40","10:40","10:29","0:00","0:00"," ","0:00","0:00"," "," "," "," "," "," "," "," "," ",""," "," "," Summary","Leg","ABH","BLH","Taxi","Fuel","Pax","Total:","","","","","0","0","Minimum Value:","","","","0","0","Maximum Value:","","","","0","0","Average:","","","","0","","Operations Control","Version 2006, 2, 1, 1  (07DEC06)","DNO","Worksets/LIVE"
"23OCT07","09:47","Flight Statistics Report","Page -1 of 1","Legselect: LGW 738 FLIGHTS","01AUG2007 - 07AUG2007","Time mode: UTC","Frequency: 1234567"," ","Date","Flight No","CX","AC Type","Tail No","STC","Dep","Arr","STD","ATD","STA","ATA"," "," "," "," "," "," "," "," "," "," "," "," "," "," "
"02AUG07","XLA5144"," ","73H","GXLAI","C","LGW","AGP","05:10","05:15","07:55","07:57","0:00","0:00"," ","0:00","0:00"," "," "," "," "," "," "," "," "," ",""," "," "," Summary","Leg","ABH","BLH","Taxi","Fuel","Pax","Total:","","","","","0","0","Minimum Value:","","","","0","0","Maximum Value:","","","","0","0","Average:","","","","0","","Operations Control","Version 2006, 2, 1, 1  (07DEC06)","DNO","Worksets/LIVE"
"23OCT07","09:47","Flight Statistics Report","Page -1 of 1","Legselect: LGW 738 FLIGHTS","01AUG2007 - 07AUG2007","Time mode: UTC","Frequency: 1234567"," ","Date","Flight No","CX","AC Type","Tail No","STC","Dep","Arr","STD","ATD","STA","ATA"," "," "," "," "," "," "," "," "," "," "," "," "," "," "
"02AUG07","XLA5145"," ","73H","GXLAI","C","AGP","LGW","08:55","09:07","11:35","11:43","0:00","0:00"," ","0:00","0:00"," "," "," "," "," "," "," "," "," ",""," "," "," Summary","Leg","ABH","BLH","Taxi","Fuel","Pax","Total:","","","","","0","0","Minimum Value:","","","","0","0","Maximum Value:","","","","0","0","Average:","","","","0","","Operations Control","Version 2006, 2, 1, 1  (07DEC06)","DNO","Worksets/LIVE"
"23OCT07","09:47","Flight Statistics Report","Page -1 of 1","Legselect: LGW 738 FLIGHTS","01AUG2007 - 07AUG2007","Time mode: UTC","Frequency: 1234567"," ","Date","Flight No","CX","AC Type","Tail No","STC","Dep","Arr","STD","ATD","STA","ATA"," "," "," "," "," "," "," "," "," "," "," "," "," "," "
"02AUG07","XLA5368"," ","73H","GXLAI","C","LGW","MJT","12:55","12:49","16:30","16:15","0:00","0:00"," ","0:00","0:00"," "," "," "," "," "," "," "," "," ",""," "," "," Summary","Leg","ABH","BLH","Taxi","Fuel","Pax","Total:","","","","","0","0","Minimum Value:","","","","0","0","Maximum Value:","","","","0","0","Average:","","","","0","","Operations Control","Version 2006, 2, 1, 1  (07DEC06)","DNO","Worksets/LIVE"
"23OCT07","09:47","Flight Statistics Report","Page -1 of 1","Legselect: LGW 738 FLIGHTS","01AUG2007 - 07AUG2007","Time mode: UTC","Frequency: 1234567"," ","Date","Flight No","CX","AC Type","Tail No","STC","Dep","Arr","STD","ATD","STA","ATA"," "," "," "," "," "," "," "," "," "," "," "," "," "," "
"02AUG07","XLA5369"," ","73H","GXLAI","C","MJT","LGW","17:30","17:30","21:20","21:15","0:00","0:00"," ","0:00","0:00"," "," "," "," "," "," "," "," "," ",""," "," "," Summary","Leg","ABH","BLH","Taxi","Fuel","Pax","Total:","","","","","0","0","Minimum Value:","","","","0","0","Maximum Value:","","","","0","0","Average:","","","","0","","Operations Control","Version 2006, 2, 1, 1  (07DEC06)","DNO","Worksets/LIVE"
"23OCT07","09:47","Flight Statistics Report","Page -1 of 1","Legselect: LGW 738 FLIGHTS","01AUG2007 - 07AUG2007","Time mode: UTC","Frequency: 1234567"," ","Date","Flight No","CX","AC Type","Tail No","STC","Dep","Arr","STD","ATD","STA","ATA"," "," "," "," "," "," "," "," "," "," "," "," "," "," "
"02AUG07","XLA5190"," ","73H","GXLAN","C","LGW","SMI","06:00","06:40","09:50","10:16","0:00","0:00"," ","0:00","0:00"," "," "," "," "," "," "," "," "," ",""," "," "," Summary","Leg","ABH","BLH","Taxi","Fuel","Pax","Total:","","","","","0","0","Minimum Value:","","","","0","0","Maximum Value:","","","","0","0","Average:","","","","0","","Operations Control","Version 2006, 2, 1, 1  (07DEC06)","DNO","Worksets/LIVE"
"23OCT07","09:47","Flight Statistics Report","Page -1 of 1","Legselect: LGW 738 FLIGHTS","01AUG2007 - 07AUG2007","Time mode: UTC","Frequency: 1234567"," ","Date","Flight No","CX","AC Type","Tail No","STC","Dep","Arr","STD","ATD","STA","ATA"," "," "," "," "," "," "," "," "," "," "," "," "," "," "
"02AUG07","XLA5191"," ","73H","GXLAN","C","SMI","LGW","10:50","10:57","14:55","15:00","0:00","0:00"," ","0:00","0:00"," "," "," "," "," "," "," "," "," ",""," "," "," Summary","Leg","ABH","BLH","Taxi","Fuel","Pax","Total:","","","","","0","0","Minimum Value:","","","","0","0","Maximum Value:","","","","0","0","Average:","","","","0","","Operations Control","Version 2006, 2, 1, 1  (07DEC06)","DNO","Worksets/LIVE"
"23OCT07","09:47","Flight Statistics Report","Page -1 of 1","Legselect: LGW 738 FLIGHTS","01AUG2007 - 07AUG2007","Time mode: UTC","Frequency: 1234567"," ","Date","Flight No","CX","AC Type","Tail No","STC","Dep","Arr","STD","ATD","STA","ATA"," "," "," "," "," "," "," "," "," "," "," "," "," "," "
"02AUG07","XLA574V"," ","73H","GXLAN","C","LGW","TLV","15:55","16:35","20:40","21:30","0:00","0:00"," ","0:00","0:00"," "," "," "," "," "," "," "," "," ",""," "," "," Summary","Leg","ABH","BLH","Taxi","Fuel","Pax","Total:","","","","","0","0","Minimum Value:","","","","0","0","Maximum Value:","","","","0","0","Average:","","","","0","","Operations Control","Version 2006, 2, 1, 1  (07DEC06)","DNO","Worksets/LIVE"
"23OCT07","09:47","Flight Statistics Report","Page -1 of 1","Legselect: LGW 738 FLIGHTS","01AUG2007 - 07AUG2007","Time mode: UTC","Frequency: 1234567"," ","Date","Flight No","CX","AC Type","Tail No","STC","Dep","Arr","STD","ATD","STA","ATA"," "," "," "," "," "," "," "," "," "," "," "," "," "," "
"02AUG07","XLA575V"," ","73H","GXLAN","C","TLV","LGW","21:45","22:39","03:00","03:38","0:00","0:00"," ","0:00","0:00"," "," "," "," "," "," "," "," "," ",""," "," "," Summary","Leg","ABH","BLH","Taxi","Fuel","Pax","Total:","","","","","0","0","Minimum Value:","","","","0","0","Maximum Value:","","","","0","0","Average:","","","","0","","Operations Control","Version 2006, 2, 1, 1  (07DEC06)","DNO","Worksets/LIVE"
"23OCT07","09:47","Flight Statistics Report","Page -1 of 1","Legselect: LGW 738 FLIGHTS","01AUG2007 - 07AUG2007","Time mode: UTC","Frequency: 1234567"," ","Date","Flight No","CX","AC Type","Tail No","STC","Dep","Arr","STD","ATD","STA","ATA"," "," "," "," "," "," "," "," "," "," "," "," "," "," "
"03AUG07","BA6932"," ","73H","GOXLA","C","LGW","MLA","06:15","06:20","09:30","09:15","0:00","0:00"," ","0:00","0:00"," "," "," "," "," "," "," "," "," ",""," "," "," Summary","Leg","ABH","BLH","Taxi","Fuel","Pax","Total:","","","","","0","0","Minimum Value:","","","","0","0","Maximum Value:","","","","0","0","Average:","","","","0","","Operations Control","Version 2006, 2, 1, 1  (07DEC06)","DNO","Worksets/LIVE"
"23OCT07","09:47","Flight Statistics Report","Page -1 of 1","Legselect: LGW 738 FLIGHTS","01AUG2007 - 07AUG2007","Time mode: UTC","Frequency: 1234567"," ","Date","Flight No","CX","AC Type","Tail No","STC","Dep","Arr","STD","ATD","STA","ATA"," "," "," "," "," "," "," "," "," "," "," "," "," "," "
"03AUG07","BA6933"," ","73H","GOXLA","C","MLA","LGW","10:25","10:12","13:40","13:19","0:00","0:00"," ","0:00","0:00"," "," "," "," "," "," "," "," "," ",""," "," "," Summary","Leg","ABH","BLH","Taxi","Fuel","Pax","Total:","","","","","0","0","Minimum Value:","","","","0","0","Maximum Value:","","","","0","0","Average:","","","","0","","Operations Control","Version 2006, 2, 1, 1  (07DEC06)","DNO","Worksets/LIVE"
"23OCT07","09:47","Flight Statistics Report","Page -1 of 1","Legselect: LGW 738 FLIGHTS","01AUG2007 - 07AUG2007","Time mode: UTC","Frequency: 1234567"," ","Date","Flight No","CX","AC Type","Tail No","STC","Dep","Arr","STD","ATD","STA","ATA"," "," "," "," "," "," "," "," "," "," "," "," "," "," "
"03AUG07","BA6996"," ","73H","GOXLA","C","LGW","TFS","14:40","14:57","19:00","19:16","0:00","0:00"," ","0:00","0:00"," "," "," "," "," "," "," "," "," ",""," "," "," Summary","Leg","ABH","BLH","Taxi","Fuel","Pax","Total:","","","","","0","0","Minimum Value:","","","","0","0","Maximum Value:","","","","0","0","Average:","","","","0","","Operations Control","Version 2006, 2, 1, 1  (07DEC06)","DNO","Worksets/LIVE"
"23OCT07","09:47","Flight Statistics Report","Page -1 of 1","Legselect: LGW 738 FLIGHTS","01AUG2007 - 07AUG2007","Time mode: UTC","Frequency: 1234567"," ","Date","Flight No","CX","AC Type","Tail No","STC","Dep","Arr","STD","ATD","STA","ATA"," "," "," "," "," "," "," "," "," "," "," "," "," "," "
"03AUG07","BA6997"," ","73H","GOXLA","C","TFS","LGW","20:00","20:07","23:59","00:05","0:00","0:00"," ","0:00","0:00"," "," "," "," "," "," "," "," "," ",""," "," "," Summary","Leg","ABH","BLH","Taxi","Fuel","Pax","Total:","","","","","0","0","Minimum Value:","","","","0","0","Maximum Value:","","","","0","0","Average:","","","","0","","Operations Control","Version 2006, 2, 1, 1  (07DEC06)","DNO","Worksets/LIVE"
"23OCT07","09:47","Flight Statistics Report","Page -1 of 1","Legselect: LGW 738 FLIGHTS","01AUG2007 - 07AUG2007","Time mode: UTC","Frequency: 1234567"," ","Date","Flight No","CX","AC Type","Tail No","STC","Dep","Arr","STD","ATD","STA","ATA"," "," "," "," "," "," "," "," "," "," "," "," "," "," "
"03AUG07","XLA344V"," ","73H","GOXLC","C","LGW","JSI","07:30","07:45","10:55","11:15","0:00","0:00"," ","0:00","0:00"," "," "," "," "," "," "," "," "," ",""," "," "," Summary","Leg","ABH","BLH","Taxi","Fuel","Pax","Total:","","","","","0","0","Minimum Value:","","","","0","0","Maximum Value:","","","","0","0","Average:","","","","0","","Operations Control","Version 2006, 2, 1, 1  (07DEC06)","DNO","Worksets/LIVE"
"23OCT07","09:47","Flight Statistics Report","Page -1 of 1","Legselect: LGW 738 FLIGHTS","01AUG2007 - 07AUG2007","Time mode: UTC","Frequency: 1234567"," ","Date","Flight No","CX","AC Type","Tail No","STC","Dep","Arr","STD","ATD","STA","ATA"," "," "," "," "," "," "," "," "," "," "," "," "," "," "
"03AUG07","XLA345V"," ","73H","GOXLC","C","JSI","LGW","13:35","13:20","17:05","16:50","0:00","0:00"," ","0:00","0:00"," "," "," "," "," "," "," "," "," ",""," "," "," Summary","Leg","ABH","BLH","Taxi","Fuel","Pax","Total:","","","","","0","0","Minimum Value:","","","","0","0","Maximum Value:","","","","0","0","Average:","","","","0","","Operations Control","Version 2006, 2, 1, 1  (07DEC06)","DNO","Worksets/LIVE"
"23OCT07","09:47","Flight Statistics Report","Page -1 of 1","Legselect: LGW 738 FLIGHTS","01AUG2007 - 07AUG2007","Time mode: UTC","Frequency: 1234567"," ","Date","Flight No","CX","AC Type","Tail No","STC","Dep","Arr","STD","ATD","STA","ATA"," "," "," "," "," "," "," "," "," "," "," "," "," "," "
"03AUG07","XLA554V"," ","73H","GOXLC","C","LGW","ALC","18:30","18:18","20:55","20:42","0:00","0:00"," ","0:00","0:00"," "," "," "," "," "," "," "," "," ",""," "," "," Summary","Leg","ABH","BLH","Taxi","Fuel","Pax","Total:","","","","","0","0","Minimum Value:","","","","0","0","Maximum Value:","","","","0","0","Average:","","","","0","","Operations Control","Version 2006, 2, 1, 1  (07DEC06)","DNO","Worksets/LIVE"
"23OCT07","09:47","Flight Statistics Report","Page -1 of 1","Legselect: LGW 738 FLIGHTS","01AUG2007 - 07AUG2007","Time mode: UTC","Frequency: 1234567"," ","Date","Flight No","CX","AC Type","Tail No","STC","Dep","Arr","STD","ATD","STA","ATA"," "," "," "," "," "," "," "," "," "," "," "," "," "," "
"03AUG07","XLA555V"," ","73H","GOXLC","C","ALC","LGW","21:55","21:49","00:20","00:10","0:00","0:00"," ","0:00","0:00"," "," "," "," "," "," "," "," "," ",""," "," "," Summary","Leg","ABH","BLH","Taxi","Fuel","Pax","Total:","","","","","0","0","Minimum Value:","","","","0","0","Maximum Value:","","","","0","0","Average:","","","","0","","Operations Control","Version 2006, 2, 1, 1  (07DEC06)","DNO","Worksets/LIVE"
"23OCT07","09:47","Flight Statistics Report","Page -1 of 1","Legselect: LGW 738 FLIGHTS","01AUG2007 - 07AUG2007","Time mode: UTC","Frequency: 1234567"," ","Date","Flight No","CX","AC Type","Tail No","STC","Dep","Arr","STD","ATD","STA","ATA"," "," "," "," "," "," "," "," "," "," "," "," "," "," "
"03AUG07","XLA5078"," ","73H","GXLAD","C","LGW","JSI","06:00","05:55","09:25","09:50","0:00","0:00"," ","0:00","0:00"," "," "," "," "," "," "," "," "," ",""," "," "," Summary","Leg","ABH","BLH","Taxi","Fuel","Pax","Total:","","","","","0","0","Minimum Value:","","","","0","0","Maximum Value:","","","","0","0","Average:","","","","0","","Operations Control","Version 2006, 2, 1, 1  (07DEC06)","DNO","Worksets/LIVE"
"23OCT07","09:47","Flight Statistics Report","Page -1 of 1","Legselect: LGW 738 FLIGHTS","01AUG2007 - 07AUG2007","Time mode: UTC","Frequency: 1234567"," ","Date","Flight No","CX","AC Type","Tail No","STC","Dep","Arr","STD","ATD","STA","ATA"," "," "," "," "," "," "," "," "," "," "," "," "," "," "
"03AUG07","XLA5079"," ","73H","GXLAD","C","JSI","LGW","11:55","11:45","15:30","15:25","0:00","0:00"," ","0:00","0:00"," "," "," "," "," "," "," "," "," ",""," "," "," Summary","Leg","ABH","BLH","Taxi","Fuel","Pax","Total:","","","","","0","0","Minimum Value:","","","","0","0","Maximum Value:","","","","0","0","Average:","","","","0","","Operations Control","Version 2006, 2, 1, 1  (07DEC06)","DNO","Worksets/LIVE"
"23OCT07","09:47","Flight Statistics Report","Page -1 of 1","Legselect: LGW 738 FLIGHTS","01AUG2007 - 07AUG2007","Time mode: UTC","Frequency: 1234567"," ","Date","Flight No","CX","AC Type","Tail No","STC","Dep","Arr","STD","ATD","STA","ATA"," "," "," "," "," "," "," "," "," "," "," "," "," "," "
"03AUG07","XLA5306"," ","73H","GXLAD","C","LGW","CFU","23:55","23:55","02:55","02:39","0:00","0:00"," ","0:00","0:00"," "," "," "," "," "," "," "," "," ",""," "," "," Summary","Leg","ABH","BLH","Taxi","Fuel","Pax","Total:","","","","","0","0","Minimum Value:","","","","0","0","Maximum Value:","","","","0","0","Average:","","","","0","","Operations Control","Version 2006, 2, 1, 1  (07DEC06)","DNO","Worksets/LIVE"
"23OCT07","09:47","Flight Statistics Report","Page -1 of 1","Legselect: LGW 738 FLIGHTS","01AUG2007 - 07AUG2007","Time mode: UTC","Frequency: 1234567"," ","Date","Flight No","CX","AC Type","Tail No","STC","Dep","Arr","STD","ATD","STA","ATA"," "," "," "," "," "," "," "," "," "," "," "," "," "," "
"03AUG07","XLA536V"," ","73H","GXLAD","C","LGW","MAH","17:00","16:45","19:25","18:45","0:00","0:00"," ","0:00","0:00"," "," "," "," "," "," "," "," "," ",""," "," "," Summary","Leg","ABH","BLH","Taxi","Fuel","Pax","Total:","","","","","0","0","Minimum Value:","","","","0","0","Maximum Value:","","","","0","0","Average:","","","","0","","Operations Control","Version 2006, 2, 1, 1  (07DEC06)","DNO","Worksets/LIVE"
"23OCT07","09:47","Flight Statistics Report","Page -1 of 1","Legselect: LGW 738 FLIGHTS","01AUG2007 - 07AUG2007","Time mode: UTC","Frequency: 1234567"," ","Date","Flight No","CX","AC Type","Tail No","STC","Dep","Arr","STD","ATD","STA","ATA"," "," "," "," "," "," "," "," "," "," "," "," "," "," "
"03AUG07","XLA537V"," ","73H","GXLAD","C","MAH","LGW","20:30","19:50","22:55","22:05","0:00","0:00"," ","0:00","0:00"," "," "," "," "," "," "," "," "," ",""," "," "," Summary","Leg","ABH","BLH","Taxi","Fuel","Pax","Total:","","","","","0","0","Minimum Value:","","","","0","0","Maximum Value:","","","","0","0","Average:","","","","0","","Operations Control","Version 2006, 2, 1, 1  (07DEC06)","DNO","Worksets/LIVE"
"23OCT07","09:47","Flight Statistics Report","Page -1 of 1","Legselect: LGW 738 FLIGHTS","01AUG2007 - 07AUG2007","Time mode: UTC","Frequency: 1234567"," ","Date","Flight No","CX","AC Type","Tail No","STC","Dep","Arr","STD","ATD","STA","ATA"," "," "," "," "," "," "," "," "," "," "," "," "," "," "
"03AUG07","XLA5168"," ","73H","GXLAI","C","LGW","DLM","20:45","20:40","00:45","00:30","0:00","0:00"," ","0:00","0:00"," "," "," "," "," "," "," "," "," ",""," "," "," Summary","Leg","ABH","BLH","Taxi","Fuel","Pax","Total:","","","","","0","0","Minimum Value:","","","","0","0","Maximum Value:","","","","0","0","Average:","","","","0","","Operations Control","Version 2006, 2, 1, 1  (07DEC06)","DNO","Worksets/LIVE"
"23OCT07","09:47","Flight Statistics Report","Page -1 of 1","Legselect: LGW 738 FLIGHTS","01AUG2007 - 07AUG2007","Time mode: UTC","Frequency: 1234567"," ","Date","Flight No","CX","AC Type","Tail No","STC","Dep","Arr","STD","ATD","STA","ATA"," "," "," "," "," "," "," "," "," "," "," "," "," "," "
"03AUG07","XLA5284"," ","73H","GXLAI","C","LGW","JSI","10:15","10:50","13:45","14:00","0:00","0:00"," ","0:00","0:00"," "," "," "," "," "," "," "," "," ",""," "," "," Summary","Leg","ABH","BLH","Taxi","Fuel","Pax","Total:","","","","","0","0","Minimum Value:","","","","0","0","Maximum Value:","","","","0","0","Average:","","","","0","","Operations Control","Version 2006, 2, 1, 1  (07DEC06)","DNO","Worksets/LIVE"
"23OCT07","09:47","Flight Statistics Report","Page -1 of 1","Legselect: LGW 738 FLIGHTS","01AUG2007 - 07AUG2007","Time mode: UTC","Frequency: 1234567"," ","Date","Flight No","CX","AC Type","Tail No","STC","Dep","Arr","STD","ATD","STA","ATA"," "," "," "," "," "," "," "," "," "," "," "," "," "," "
"03AUG07","XLA5285"," ","73H","GXLAI","C","JSI","LGW","16:00","16:00","19:30","19:25","0:00","0:00"," ","0:00","0:00"," "," "," "," "," "," "," "," "," ",""," "," "," Summary","Leg","ABH","BLH","Taxi","Fuel","Pax","Total:","","","","","0","0","Minimum Value:","","","","0","0","Maximum Value:","","","","0","0","Average:","","","","0","","Operations Control","Version 2006, 2, 1, 1  (07DEC06)","DNO","Worksets/LIVE"
"23OCT07","09:47","Flight Statistics Report","Page -1 of 1","Legselect: LGW 738 FLIGHTS","01AUG2007 - 07AUG2007","Time mode: UTC","Frequency: 1234567"," ","Date","Flight No","CX","AC Type","Tail No","STC","Dep","Arr","STD","ATD","STA","ATA"," "," "," "," "," "," "," "," "," "," "," "," "," "," "
"03AUG07","XLA586V"," ","73H","GXLAI","C","LGW","MAH","04:00","03:58","06:05","05:53","0:00","0:00"," ","0:00","0:00"," "," "," "," "," "," "," "," "," ",""," "," "," Summary","Leg","ABH","BLH","Taxi","Fuel","Pax","Total:","","","","","0","0","Minimum Value:","","","","0","0","Maximum Value:","","","","0","0","Average:","","","","0","","Operations Control","Version 2006, 2, 1, 1  (07DEC06)","DNO","Worksets/LIVE"
"23OCT07","09:47","Flight Statistics Report","Page -1 of 1","Legselect: LGW 738 FLIGHTS","01AUG2007 - 07AUG2007","Time mode: UTC","Frequency: 1234567"," ","Date","Flight No","CX","AC Type","Tail No","STC","Dep","Arr","STD","ATD","STA","ATA"," "," "," "," "," "," "," "," "," "," "," "," "," "," "
"03AUG07","XLA587V"," ","73H","GXLAI","C","MAH","LGW","06:45","06:40","09:15","09:00","0:00","0:00"," ","0:00","0:00"," "," "," "," "," "," "," "," "," ",""," "," "," Summary","Leg","ABH","BLH","Taxi","Fuel","Pax","Total:","","","","","0","0","Minimum Value:","","","","0","0","Maximum Value:","","","","0","0","Average:","","","","0","","Operations Control","Version 2006, 2, 1, 1  (07DEC06)","DNO","Worksets/LIVE"
"23OCT07","09:47","Flight Statistics Report","Page -1 of 1","Legselect: LGW 738 FLIGHTS","01AUG2007 - 07AUG2007","Time mode: UTC","Frequency: 1234567"," ","Date","Flight No","CX","AC Type","Tail No","STC","Dep","Arr","STD","ATD","STA","ATA"," "," "," "," "," "," "," "," "," "," "," "," "," "," "
"03AUG07","XLA5048"," ","73H","GXLAN","C","LGW","HRG","12:55","12:55","18:05","18:10","0:00","0:00"," ","0:00","0:00"," "," "," "," "," "," "," "," "," ",""," "," "," Summary","Leg","ABH","BLH","Taxi","Fuel","Pax","Total:","","","","","0","0","Minimum Value:","","","","0","0","Maximum Value:","","","","0","0","Average:","","","","0","","Operations Control","Version 2006, 2, 1, 1  (07DEC06)","DNO","Worksets/LIVE"
"23OCT07","09:47","Flight Statistics Report","Page -1 of 1","Legselect: LGW 738 FLIGHTS","01AUG2007 - 07AUG2007","Time mode: UTC","Frequency: 1234567"," ","Date","Flight No","CX","AC Type","Tail No","STC","Dep","Arr","STD","ATD","STA","ATA"," "," "," "," "," "," "," "," "," "," "," "," "," "," "
"03AUG07","XLA5049"," ","73H","GXLAN","C","HRG","LGW","19:05","19:05","00:50","00:52","0:00","0:00"," ","0:00","0:00"," "," "," "," "," "," "," "," "," ",""," "," "," Summary","Leg","ABH","BLH","Taxi","Fuel","Pax","Total:","","","","","0","0","Minimum Value:","","","","0","0","Maximum Value:","","","","0","0","Average:","","","","0","","Operations Control","Version 2006, 2, 1, 1  (07DEC06)","DNO","Worksets/LIVE"
"23OCT07","09:47","Flight Statistics Report","Page -1 of 1","Legselect: LGW 738 FLIGHTS","01AUG2007 - 07AUG2007","Time mode: UTC","Frequency: 1234567"," ","Date","Flight No","CX","AC Type","Tail No","STC","Dep","Arr","STD","ATD","STA","ATA"," "," "," "," "," "," "," "," "," "," "," "," "," "," "
"03AUG07","XLA556V"," ","73H","GXLAN","C","LGW","AGP","05:30","05:30","08:10","08:05","0:00","0:00"," ","0:00","0:00"," "," "," "," "," "," "," "," "," ",""," "," "," Summary","Leg","ABH","BLH","Taxi","Fuel","Pax","Total:","","","","","0","0","Minimum Value:","","","","0","0","Maximum Value:","","","","0","0","Average:","","","","0","","Operations Control","Version 2006, 2, 1, 1  (07DEC06)","DNO","Worksets/LIVE"
"23OCT07","09:47","Flight Statistics Report","Page -1 of 1","Legselect: LGW 738 FLIGHTS","01AUG2007 - 07AUG2007","Time mode: UTC","Frequency: 1234567"," ","Date","Flight No","CX","AC Type","Tail No","STC","Dep","Arr","STD","ATD","STA","ATA"," "," "," "," "," "," "," "," "," "," "," "," "," "," "
"03AUG07","XLA557V"," ","73H","GXLAN","C","AGP","LGW","09:10","09:07","11:45","11:58","0:00","0:00"," ","0:00","0:00"," "," "," "," "," "," "," "," "," ",""," "," "," Summary","Leg","ABH","BLH","Taxi","Fuel","Pax","Total:","","","","","0","0","Minimum Value:","","","","0","0","Maximum Value:","","","","0","0","Average:","","","","0","","Operations Control","Version 2006, 2, 1, 1  (07DEC06)","DNO","Worksets/LIVE"
"23OCT07","09:47","Flight Statistics Report","Page -1 of 1","Legselect: LGW 738 FLIGHTS","01AUG2007 - 07AUG2007","Time mode: UTC","Frequency: 1234567"," ","Date","Flight No","CX","AC Type","Tail No","STC","Dep","Arr","STD","ATD","STA","ATA"," "," "," "," "," "," "," "," "," "," "," "," "," "," "
"04AUG07","BA6852"," ","73H","GOXLA","C","LGW","HER","15:40","17:40","19:40","21:20","0:00","0:00"," ","0:00","0:00"," "," "," "," "," "," "," "," "," ",""," "," "," Summary","Leg","ABH","BLH","Taxi","Fuel","Pax","Total:","","","","","0","0","Minimum Value:","","","","0","0","Maximum Value:","","","","0","0","Average:","","","","0","","Operations Control","Version 2006, 2, 1, 1  (07DEC06)","DNO","Worksets/LIVE"
"23OCT07","09:47","Flight Statistics Report","Page -1 of 1","Legselect: LGW 738 FLIGHTS","01AUG2007 - 07AUG2007","Time mode: UTC","Frequency: 1234567"," ","Date","Flight No","CX","AC Type","Tail No","STC","Dep","Arr","STD","ATD","STA","ATA"," "," "," "," "," "," "," "," "," "," "," "," "," "," "
"04AUG07","BA6853"," ","73H","GOXLA","C","HER","LGW","20:40","22:05","00:35","02:12","0:00","0:00"," ","0:00","0:00"," "," "," "," "," "," "," "," "," ",""," "," "," Summary","Leg","ABH","BLH","Taxi","Fuel","Pax","Total:","","","","","0","0","Minimum Value:","","","","0","0","Maximum Value:","","","","0","0","Average:","","","","0","","Operations Control","Version 2006, 2, 1, 1  (07DEC06)","DNO","Worksets/LIVE"
"23OCT07","09:47","Flight Statistics Report","Page -1 of 1","Legselect: LGW 738 FLIGHTS","01AUG2007 - 07AUG2007","Time mode: UTC","Frequency: 1234567"," ","Date","Flight No","CX","AC Type","Tail No","STC","Dep","Arr","STD","ATD","STA","ATA"," "," "," "," "," "," "," "," "," "," "," "," "," "," "
"04AUG07","BA6872"," ","73H","GOXLA","C","LGW","FNC","06:15","06:14","10:10","09:58","0:00","0:00"," ","0:00","0:00"," "," "," "," "," "," "," "," "," ",""," "," "," Summary","Leg","ABH","BLH","Taxi","Fuel","Pax","Total:","","","","","0","0","Minimum Value:","","","","0","0","Maximum Value:","","","","0","0","Average:","","","","0","","Operations Control","Version 2006, 2, 1, 1  (07DEC06)","DNO","Worksets/LIVE"
"23OCT07","09:47","Flight Statistics Report","Page -1 of 1","Legselect: LGW 738 FLIGHTS","01AUG2007 - 07AUG2007","Time mode: UTC","Frequency: 1234567"," ","Date","Flight No","CX","AC Type","Tail No","STC","Dep","Arr","STD","ATD","STA","ATA"," "," "," "," "," "," "," "," "," "," "," "," "," "," "
"04AUG07","BA6873"," ","73H","GOXLA","C","FNC","LGW","11:10","11:16","14:40","14:42","0:00","0:00"," ","0:00","0:00"," "," "," "," "," "," "," "," "," ",""," "," "," Summary","Leg","ABH","BLH","Taxi","Fuel","Pax","Total:","","","","","0","0","Minimum Value:","","","","0","0","Maximum Value:","","","","0","0","Average:","","","","0","","Operations Control","Version 2006, 2, 1, 1  (07DEC06)","DNO","Worksets/LIVE"
"23OCT07","09:47","Flight Statistics Report","Page -1 of 1","Legselect: LGW 738 FLIGHTS","01AUG2007 - 07AUG2007","Time mode: UTC","Frequency: 1234567"," ","Date","Flight No","CX","AC Type","Tail No","STC","Dep","Arr","STD","ATD","STA","ATA"," "," "," "," "," "," "," "," "," "," "," "," "," "," "
"04AUG07","XLA552V"," ","73H","GOXLC","C","LGW","FUE","05:00","04:55","09:10","09:09","0:00","0:00"," ","0:00","0:00"," "," "," "," "," "," "," "," "," ",""," "," "," Summary","Leg","ABH","BLH","Taxi","Fuel","Pax","Total:","","","","","0","0","Minimum Value:","","","","0","0","Maximum Value:","","","","0","0","Average:","","","","0","","Operations Control","Version 2006, 2, 1, 1  (07DEC06)","DNO","Worksets/LIVE"
"23OCT07","09:47","Flight Statistics Report","Page -1 of 1","Legselect: LGW 738 FLIGHTS","01AUG2007 - 07AUG2007","Time mode: UTC","Frequency: 1234567"," ","Date","Flight No","CX","AC Type","Tail No","STC","Dep","Arr","STD","ATD","STA","ATA"," "," "," "," "," "," "," "," "," "," "," "," "," "," "
"04AUG07","XLA553V"," ","73H","GOXLC","C","FUE","LGW","10:10","10:04","14:15","13:40","0:00","0:00"," ","0:00","0:00"," "," "," "," "," "," "," "," "," ",""," "," "," Summary","Leg","ABH","BLH","Taxi","Fuel","Pax","Total:","","","","","0","0","Minimum Value:","","","","0","0","Maximum Value:","","","","0","0","Average:","","","","0","","Operations Control","Version 2006, 2, 1, 1  (07DEC06)","DNO","Worksets/LIVE"
"23OCT07","09:47","Flight Statistics Report","Page -1 of 1","Legselect: LGW 738 FLIGHTS","01AUG2007 - 07AUG2007","Time mode: UTC","Frequency: 1234567"," ","Date","Flight No","CX","AC Type","Tail No","STC","Dep","Arr","STD","ATD","STA","ATA"," "," "," "," "," "," "," "," "," "," "," "," "," "," "
"04AUG07","XLA5772"," ","73H","GOXLC","C","LGW","FAO","15:50","15:45","18:35","18:35","0:00","0:00"," ","0:00","0:00"," "," "," "," "," "," "," "," "," ",""," "," "," Summary","Leg","ABH","BLH","Taxi","Fuel","Pax","Total:","","","","","0","0","Minimum Value:","","","","0","0","Maximum Value:","","","","0","0","Average:","","","","0","","Operations Control","Version 2006, 2, 1, 1  (07DEC06)","DNO","Worksets/LIVE"
"23OCT07","09:47","Flight Statistics Report","Page -1 of 1","Legselect: LGW 738 FLIGHTS","01AUG2007 - 07AUG2007","Time mode: UTC","Frequency: 1234567"," ","Date","Flight No","CX","AC Type","Tail No","STC","Dep","Arr","STD","ATD","STA","ATA"," "," "," "," "," "," "," "," "," "," "," "," "," "," "
"04AUG07","XLA5773"," ","73H","GOXLC","C","FAO","LGW","19:35","19:25","22:15","21:56","0:00","0:00"," ","0:00","0:00"," "," "," "," "," "," "," "," "," ",""," "," "," Summary","Leg","ABH","BLH","Taxi","Fuel","Pax","Total:","","","","","0","0","Minimum Value:","","","","0","0","Maximum Value:","","","","0","0","Average:","","","","0","","Operations Control","Version 2006, 2, 1, 1  (07DEC06)","DNO","Worksets/LIVE"
"23OCT07","09:47","Flight Statistics Report","Page -1 of 1","Legselect: LGW 738 FLIGHTS","01AUG2007 - 07AUG2007","Time mode: UTC","Frequency: 1234567"," ","Date","Flight No","CX","AC Type","Tail No","STC","Dep","Arr","STD","ATD","STA","ATA"," "," "," "," "," "," "," "," "," "," "," "," "," "," "
"04AUG07","XLA5307"," ","73H","GXLAD","C","CFU","LGW","03:50","03:40","06:55","06:55","0:00","0:00"," ","0:00","0:00"," "," "," "," "," "," "," "," "," ",""," "," "," Summary","Leg","ABH","BLH","Taxi","Fuel","Pax","Total:","","","","","0","0","Minimum Value:","","","","0","0","Maximum Value:","","","","0","0","Average:","","","","0","","Operations Control","Version 2006, 2, 1, 1  (07DEC06)","DNO","Worksets/LIVE"
"23OCT07","09:47","Flight Statistics Report","Page -1 of 1","Legselect: LGW 738 FLIGHTS","01AUG2007 - 07AUG2007","Time mode: UTC","Frequency: 1234567"," ","Date","Flight No","CX","AC Type","Tail No","STC","Dep","Arr","STD","ATD","STA","ATA"," "," "," "," "," "," "," "," "," "," "," "," "," "," "
"04AUG07","XLA598V"," ","73H","GXLAD","C","LGW","PMI","08:15","08:10","10:40","10:38","0:00","0:00"," ","0:00","0:00"," "," "," "," "," "," "," "," "," ",""," "," "," Summary","Leg","ABH","BLH","Taxi","Fuel","Pax","Total:","","","","","0","0","Minimum Value:","","","","0","0","Maximum Value:","","","","0","0","Average:","","","","0","","Operations Control","Version 2006, 2, 1, 1  (07DEC06)","DNO","Worksets/LIVE"
"23OCT07","09:47","Flight Statistics Report","Page -1 of 1","Legselect: LGW 738 FLIGHTS","01AUG2007 - 07AUG2007","Time mode: UTC","Frequency: 1234567"," ","Date","Flight No","CX","AC Type","Tail No","STC","Dep","Arr","STD","ATD","STA","ATA"," "," "," "," "," "," "," "," "," "," "," "," "," "," "
"04AUG07","XLA599V"," ","73H","GXLAD","C","PMI","LGW","19:10","19:22","21:35","21:55","0:00","0:00"," ","0:00","0:00"," "," "," "," "," "," "," "," "," ",""," "," "," Summary","Leg","ABH","BLH","Taxi","Fuel","Pax","Total:","","","","","0","0","Minimum Value:","","","","0","0","Maximum Value:","","","","0","0","Average:","","","","0","","Operations Control","Version 2006, 2, 1, 1  (07DEC06)","DNO","Worksets/LIVE"
"23OCT07","09:47","Flight Statistics Report","Page -1 of 1","Legselect: LGW 738 FLIGHTS","01AUG2007 - 07AUG2007","Time mode: UTC","Frequency: 1234567"," ","Date","Flight No","CX","AC Type","Tail No","STC","Dep","Arr","STD","ATD","STA","ATA"," "," "," "," "," "," "," "," "," "," "," "," "," "," "
"04AUG07","XLA5030"," ","73H","GXLAI","C","LGW","CAG","15:45","16:05","18:10","18:25","0:00","0:00"," ","0:00","0:00"," "," "," "," "," "," "," "," "," ",""," "," "," Summary","Leg","ABH","BLH","Taxi","Fuel","Pax","Total:","","","","","0","0","Minimum Value:","","","","0","0","Maximum Value:","","","","0","0","Average:","","","","0","","Operations Control","Version 2006, 2, 1, 1  (07DEC06)","DNO","Worksets/LIVE"
"23OCT07","09:47","Flight Statistics Report","Page -1 of 1","Legselect: LGW 738 FLIGHTS","01AUG2007 - 07AUG2007","Time mode: UTC","Frequency: 1234567"," ","Date","Flight No","CX","AC Type","Tail No","STC","Dep","Arr","STD","ATD","STA","ATA"," "," "," "," "," "," "," "," "," "," "," "," "," "," "
"04AUG07","XLA5031"," ","73H","GXLAI","C","CAG","LGW","19:10","19:25","21:45","21:50","0:00","0:00"," ","0:00","0:00"," "," "," "," "," "," "," "," "," ",""," "," "," Summary","Leg","ABH","BLH","Taxi","Fuel","Pax","Total:","","","","","0","0","Minimum Value:","","","","0","0","Maximum Value:","","","","0","0","Average:","","","","0","","Operations Control","Version 2006, 2, 1, 1  (07DEC06)","DNO","Worksets/LIVE"
"23OCT07","09:47","Flight Statistics Report","Page -1 of 1","Legselect: LGW 738 FLIGHTS","01AUG2007 - 07AUG2007","Time mode: UTC","Frequency: 1234567"," ","Date","Flight No","CX","AC Type","Tail No","STC","Dep","Arr","STD","ATD","STA","ATA"," "," "," "," "," "," "," "," "," "," "," "," "," "," "
"04AUG07","XLA5169"," ","73H","GXLAI","C","DLM","LGW","01:45","01:30","05:55","05:55","0:00","0:00"," ","0:00","0:00"," "," "," "," "," "," "," "," "," ",""," "," "," Summary","Leg","ABH","BLH","Taxi","Fuel","Pax","Total:","","","","","0","0","Minimum Value:","","","","0","0","Maximum Value:","","","","0","0","Average:","","","","0","","Operations Control","Version 2006, 2, 1, 1  (07DEC06)","DNO","Worksets/LIVE"
"23OCT07","09:47","Flight Statistics Report","Page -1 of 1","Legselect: LGW 738 FLIGHTS","01AUG2007 - 07AUG2007","Time mode: UTC","Frequency: 1234567"," ","Date","Flight No","CX","AC Type","Tail No","STC","Dep","Arr","STD","ATD","STA","ATA"," "," "," "," "," "," "," "," "," "," "," "," "," "," "
"04AUG07","XLA534V"," ","73H","GXLAI","C","LGW","FAO","08:00","07:55","10:40","10:40","0:00","0:00"," ","0:00","0:00"," "," "," "," "," "," "," "," "," ",""," "," "," Summary","Leg","ABH","BLH","Taxi","Fuel","Pax","Total:","","","","","0","0","Minimum Value:","","","","0","0","Maximum Value:","","","","0","0","Average:","","","","0","","Operations Control","Version 2006, 2, 1, 1  (07DEC06)","DNO","Worksets/LIVE"
"23OCT07","09:47","Flight Statistics Report","Page -1 of 1","Legselect: LGW 738 FLIGHTS","01AUG2007 - 07AUG2007","Time mode: UTC","Frequency: 1234567"," ","Date","Flight No","CX","AC Type","Tail No","STC","Dep","Arr","STD","ATD","STA","ATA"," "," "," "," "," "," "," "," "," "," "," "," "," "," "
"04AUG07","XLA535V"," ","73H","GXLAI","C","FAO","LGW","11:40","11:50","14:20","14:40","0:00","0:00"," ","0:00","0:00"," "," "," "," "," "," "," "," "," ",""," "," "," Summary","Leg","ABH","BLH","Taxi","Fuel","Pax","Total:","","","","","0","0","Minimum Value:","","","","0","0","Maximum Value:","","","","0","0","Average:","","","","0","","Operations Control","Version 2006, 2, 1, 1  (07DEC06)","DNO","Worksets/LIVE"
"23OCT07","09:47","Flight Statistics Report","Page -1 of 1","Legselect: LGW 738 FLIGHTS","01AUG2007 - 07AUG2007","Time mode: UTC","Frequency: 1234567"," ","Date","Flight No","CX","AC Type","Tail No","STC","Dep","Arr","STD","ATD","STA","ATA"," "," "," "," "," "," "," "," "," "," "," "," "," "," "
"04AUG07","XLA500V"," ","73H","GXLAN","C","LGW","LPA","18:25","19:00","22:35","23:25","0:00","0:00"," ","0:00","0:00"," "," "," "," "," "," "," "," "," ",""," "," "," Summary","Leg","ABH","BLH","Taxi","Fuel","Pax","Total:","","","","","0","0","Minimum Value:","","","","0","0","Maximum Value:","","","","0","0","Average:","","","","0","","Operations Control","Version 2006, 2, 1, 1  (07DEC06)","DNO","Worksets/LIVE"
"23OCT07","09:47","Flight Statistics Report","Page -1 of 1","Legselect: LGW 738 FLIGHTS","01AUG2007 - 07AUG2007","Time mode: UTC","Frequency: 1234567"," ","Date","Flight No","CX","AC Type","Tail No","STC","Dep","Arr","STD","ATD","STA","ATA"," "," "," "," "," "," "," "," "," "," "," "," "," "," "
"04AUG07","XLA5110"," ","73H","GXLAN","C","LGW","EFL","09:30","10:10","12:45","13:20","0:00","0:00"," ","0:00","0:00"," "," "," "," "," "," "," "," "," ",""," "," "," Summary","Leg","ABH","BLH","Taxi","Fuel","Pax","Total:","","","","","0","0","Minimum Value:","","","","0","0","Maximum Value:","","","","0","0","Average:","","","","0","","Operations Control","Version 2006, 2, 1, 1  (07DEC06)","DNO","Worksets/LIVE"
"23OCT07","09:47","Flight Statistics Report","Page -1 of 1","Legselect: LGW 738 FLIGHTS","01AUG2007 - 07AUG2007","Time mode: UTC","Frequency: 1234567"," ","Date","Flight No","CX","AC Type","Tail No","STC","Dep","Arr","STD","ATD","STA","ATA"," "," "," "," "," "," "," "," "," "," "," "," "," "," "
"04AUG07","XLA5111"," ","73H","GXLAN","C","EFL","LGW","14:00","14:00","17:20","17:30","0:00","0:00"," ","0:00","0:00"," "," "," "," "," "," "," "," "," ",""," "," "," Summary","Leg","ABH","BLH","Taxi","Fuel","Pax","Total:","","","","","0","0","Minimum Value:","","","","0","0","Maximum Value:","","","","0","0","Average:","","","","0","","Operations Control","Version 2006, 2, 1, 1  (07DEC06)","DNO","Worksets/LIVE"
"23OCT07","09:47","Flight Statistics Report","Page -1 of 1","Legselect: LGW 738 FLIGHTS","01AUG2007 - 07AUG2007","Time mode: UTC","Frequency: 1234567"," ","Date","Flight No","CX","AC Type","Tail No","STC","Dep","Arr","STD","ATD","STA","ATA"," "," "," "," "," "," "," "," "," "," "," "," "," "," "
"05AUG07","BA6958"," ","73H","GOXLA","C","LGW","MAH","16:55","16:55","19:10","19:02","0:00","0:00"," ","0:00","0:00"," "," "," "," "," "," "," "," "," ",""," "," "," Summary","Leg","ABH","BLH","Taxi","Fuel","Pax","Total:","","","","","0","0","Minimum Value:","","","","0","0","Maximum Value:","","","","0","0","Average:","","","","0","","Operations Control","Version 2006, 2, 1, 1  (07DEC06)","DNO","Worksets/LIVE"
"23OCT07","09:47","Flight Statistics Report","Page -1 of 1","Legselect: LGW 738 FLIGHTS","01AUG2007 - 07AUG2007","Time mode: UTC","Frequency: 1234567"," ","Date","Flight No","CX","AC Type","Tail No","STC","Dep","Arr","STD","ATD","STA","ATA"," "," "," "," "," "," "," "," "," "," "," "," "," "," "
"05AUG07","BA6959"," ","73H","GOXLA","C","MAH","LGW","20:10","20:06","22:25","22:12","0:00","0:00"," ","0:00","0:00"," "," "," "," "," "," "," "," "," ",""," "," "," Summary","Leg","ABH","BLH","Taxi","Fuel","Pax","Total:","","","","","0","0","Minimum Value:","","","","0","0","Maximum Value:","","","","0","0","Average:","","","","0","","Operations Control","Version 2006, 2, 1, 1  (07DEC06)","DNO","Worksets/LIVE"
"23OCT07","09:47","Flight Statistics Report","Page -1 of 1","Legselect: LGW 738 FLIGHTS","01AUG2007 - 07AUG2007","Time mode: UTC","Frequency: 1234567"," ","Date","Flight No","CX","AC Type","Tail No","STC","Dep","Arr","STD","ATD","STA","ATA"," "," "," "," "," "," "," "," "," "," "," "," "," "," "
"05AUG07","BA6996"," ","73H","GOXLA","C","LGW","TFS","06:15","06:25","10:35","10:42","0:00","0:00"," ","0:00","0:00"," "," "," "," "," "," "," "," "," ",""," "," "," Summary","Leg","ABH","BLH","Taxi","Fuel","Pax","Total:","","","","","0","0","Minimum Value:","","","","0","0","Maximum Value:","","","","0","0","Average:","","","","0","","Operations Control","Version 2006, 2, 1, 1  (07DEC06)","DNO","Worksets/LIVE"
"23OCT07","09:47","Flight Statistics Report","Page -1 of 1","Legselect: LGW 738 FLIGHTS","01AUG2007 - 07AUG2007","Time mode: UTC","Frequency: 1234567"," ","Date","Flight No","CX","AC Type","Tail No","STC","Dep","Arr","STD","ATD","STA","ATA"," "," "," "," "," "," "," "," "," "," "," "," "," "," "
"05AUG07","BA6997"," ","73H","GOXLA","C","TFS","LGW","11:35","11:33","15:50","15:30","0:00","0:00"," ","0:00","0:00"," "," "," "," "," "," "," "," "," ",""," "," "," Summary","Leg","ABH","BLH","Taxi","Fuel","Pax","Total:","","","","","0","0","Minimum Value:","","","","0","0","Maximum Value:","","","","0","0","Average:","","","","0","","Operations Control","Version 2006, 2, 1, 1  (07DEC06)","DNO","Worksets/LIVE"
"23OCT07","09:47","Flight Statistics Report","Page -1 of 1","Legselect: LGW 738 FLIGHTS","01AUG2007 - 07AUG2007","Time mode: UTC","Frequency: 1234567"," ","Date","Flight No","CX","AC Type","Tail No","STC","Dep","Arr","STD","ATD","STA","ATA"," "," "," "," "," "," "," "," "," "," "," "," "," "," "
"05AUG07","XLA5220"," ","73H","GOXLC","C","LGW","RHO","07:55","09:30","11:45","13:25","0:00","0:00"," ","0:00","0:00"," "," "," "," "," "," "," "," "," ",""," "," "," Summary","Leg","ABH","BLH","Taxi","Fuel","Pax","Total:","","","","","0","0","Minimum Value:","","","","0","0","Maximum Value:","","","","0","0","Average:","","","","0","","Operations Control","Version 2006, 2, 1, 1  (07DEC06)","DNO","Worksets/LIVE"
"23OCT07","09:47","Flight Statistics Report","Page -1 of 1","Legselect: LGW 738 FLIGHTS","01AUG2007 - 07AUG2007","Time mode: UTC","Frequency: 1234567"," ","Date","Flight No","CX","AC Type","Tail No","STC","Dep","Arr","STD","ATD","STA","ATA"," "," "," "," "," "," "," "," "," "," "," "," "," "," "
"05AUG07","XLA5221"," ","73H","GOXLC","C","RHO","LGW","14:45","16:00","18:15","19:25","0:00","0:00"," ","0:00","0:00"," "," "," "," "," "," "," "," "," ",""," "," "," Summary","Leg","ABH","BLH","Taxi","Fuel","Pax","Total:","","","","","0","0","Minimum Value:","","","","0","0","Maximum Value:","","","","0","0","Average:","","","","0","","Operations Control","Version 2006, 2, 1, 1  (07DEC06)","DNO","Worksets/LIVE"
"23OCT07","09:47","Flight Statistics Report","Page -1 of 1","Legselect: LGW 738 FLIGHTS","01AUG2007 - 07AUG2007","Time mode: UTC","Frequency: 1234567"," ","Date","Flight No","CX","AC Type","Tail No","STC","Dep","Arr","STD","ATD","STA","ATA"," "," "," "," "," "," "," "," "," "," "," "," "," "," "
"05AUG07","XLA5290"," ","73H","GOXLC","C","LGW","CFU","19:15","20:25","22:20","23:20","0:00","0:00"," ","0:00","0:00"," "," "," "," "," "," "," "," "," ",""," "," "," Summary","Leg","ABH","BLH","Taxi","Fuel","Pax","Total:","","","","","0","0","Minimum Value:","","","","0","0","Maximum Value:","","","","0","0","Average:","","","","0","","Operations Control","Version 2006, 2, 1, 1  (07DEC06)","DNO","Worksets/LIVE"
"23OCT07","09:47","Flight Statistics Report","Page -1 of 1","Legselect: LGW 738 FLIGHTS","01AUG2007 - 07AUG2007","Time mode: UTC","Frequency: 1234567"," ","Date","Flight No","CX","AC Type","Tail No","STC","Dep","Arr","STD","ATD","STA","ATA"," "," "," "," "," "," "," "," "," "," "," "," "," "," "
"05AUG07","XLA5291"," ","73H","GOXLC","C","CFU","LGW","23:20","00:10","02:30","03:15","0:00","0:00"," ","0:00","0:00"," "," "," "," "," "," "," "," "," ",""," "," "," Summary","Leg","ABH","BLH","Taxi","Fuel","Pax","Total:","","","","","0","0","Minimum Value:","","","","0","0","Maximum Value:","","","","0","0","Average:","","","","0","","Operations Control","Version 2006, 2, 1, 1  (07DEC06)","DNO","Worksets/LIVE"
"23OCT07","09:47","Flight Statistics Report","Page -1 of 1","Legselect: LGW 738 FLIGHTS","01AUG2007 - 07AUG2007","Time mode: UTC","Frequency: 1234567"," ","Date","Flight No","CX","AC Type","Tail No","STC","Dep","Arr","STD","ATD","STA","ATA"," "," "," "," "," "," "," "," "," "," "," "," "," "," "
"05AUG07","XLA5040"," ","73H","GXLAC","C","LGW","LCA","17:25","18:00","22:15","22:35","0:00","0:00"," ","0:00","0:00"," "," "," "," "," "," "," "," "," ",""," "," "," Summary","Leg","ABH","BLH","Taxi","Fuel","Pax","Total:","","","","","0","0","Minimum Value:","","","","0","0","Maximum Value:","","","","0","0","Average:","","","","0","","Operations Control","Version 2006, 2, 1, 1  (07DEC06)","DNO","Worksets/LIVE"
"23OCT07","09:47","Flight Statistics Report","Page -1 of 1","Legselect: LGW 738 FLIGHTS","01AUG2007 - 07AUG2007","Time mode: UTC","Frequency: 1234567"," ","Date","Flight No","CX","AC Type","Tail No","STC","Dep","Arr","STD","ATD","STA","ATA"," "," "," "," "," "," "," "," "," "," "," "," "," "," "
"05AUG07","XLA5041"," ","73H","GXLAC","C","LCA","LGW","23:15","23:38","04:00","04:08","0:00","0:00"," ","0:00","0:00"," "," "," "," "," "," "," "," "," ",""," "," "," Summary","Leg","ABH","BLH","Taxi","Fuel","Pax","Total:","","","","","0","0","Minimum Value:","","","","0","0","Maximum Value:","","","","0","0","Average:","","","","0","","Operations Control","Version 2006, 2, 1, 1  (07DEC06)","DNO","Worksets/LIVE"
"23OCT07","09:47","Flight Statistics Report","Page -1 of 1","Legselect: LGW 738 FLIGHTS","01AUG2007 - 07AUG2007","Time mode: UTC","Frequency: 1234567"," ","Date","Flight No","CX","AC Type","Tail No","STC","Dep","Arr","STD","ATD","STA","ATA"," "," "," "," "," "," "," "," "," "," "," "," "," "," "
"05AUG07","XLA5151"," ","73H","GXLAC","C","HER","LGW","12:55","12:50","16:55","16:40","0:00","0:00"," ","0:00","0:00"," "," "," "," "," "," "," "," "," ",""," "," "," Summary","Leg","ABH","BLH","Taxi","Fuel","Pax","Total:","","","","","0","0","Minimum Value:","","","","0","0","Maximum Value:","","","","0","0","Average:","","","","0","","Operations Control","Version 2006, 2, 1, 1  (07DEC06)","DNO","Worksets/LIVE"
"23OCT07","09:47","Flight Statistics Report","Page -1 of 1","Legselect: LGW 738 FLIGHTS","01AUG2007 - 07AUG2007","Time mode: UTC","Frequency: 1234567"," ","Date","Flight No","CX","AC Type","Tail No","STC","Dep","Arr","STD","ATD","STA","ATA"," "," "," "," "," "," "," "," "," "," "," "," "," "," "
"05AUG07","XLA5260"," ","73H","GXLAD","C","LGW","IBZ","11:55","12:15","14:20","14:41","0:00","0:00"," ","0:00","0:00"," "," "," "," "," "," "," "," "," ",""," "," "," Summary","Leg","ABH","BLH","Taxi","Fuel","Pax","Total:","","","","","0","0","Minimum Value:","","","","0","0","Maximum Value:","","","","0","0","Average:","","","","0","","Operations Control","Version 2006, 2, 1, 1  (07DEC06)","DNO","Worksets/LIVE"
"23OCT07","09:47","Flight Statistics Report","Page -1 of 1","Legselect: LGW 738 FLIGHTS","01AUG2007 - 07AUG2007","Time mode: UTC","Frequency: 1234567"," ","Date","Flight No","CX","AC Type","Tail No","STC","Dep","Arr","STD","ATD","STA","ATA"," "," "," "," "," "," "," "," "," "," "," "," "," "," "
"05AUG07","XLA5261"," ","73H","GXLAD","C","IBZ","LGW","15:20","15:31","17:40","17:40","0:00","0:00"," ","0:00","0:00"," "," "," "," "," "," "," "," "," ",""," "," "," Summary","Leg","ABH","BLH","Taxi","Fuel","Pax","Total:","","","","","0","0","Minimum Value:","","","","0","0","Maximum Value:","","","","0","0","Average:","","","","0","","Operations Control","Version 2006, 2, 1, 1  (07DEC06)","DNO","Worksets/LIVE"
"23OCT07","09:47","Flight Statistics Report","Page -1 of 1","Legselect: LGW 738 FLIGHTS","01AUG2007 - 07AUG2007","Time mode: UTC","Frequency: 1234567"," ","Date","Flight No","CX","AC Type","Tail No","STC","Dep","Arr","STD","ATD","STA","ATA"," "," "," "," "," "," "," "," "," "," "," "," "," "," "
"05AUG07","XLA566V"," ","73H","GXLAD","C","LGW","AGP","18:25","18:45","21:15","21:27","0:00","0:00"," ","0:00","0:00"," "," "," "," "," "," "," "," "," ",""," "," "," Summary","Leg","ABH","BLH","Taxi","Fuel","Pax","Total:","","","","","0","0","Minimum Value:","","","","0","0","Maximum Value:","","","","0","0","Average:","","","","0","","Operations Control","Version 2006, 2, 1, 1  (07DEC06)","DNO","Worksets/LIVE"
"23OCT07","09:47","Flight Statistics Report","Page -1 of 1","Legselect: LGW 738 FLIGHTS","01AUG2007 - 07AUG2007","Time mode: UTC","Frequency: 1234567"," ","Date","Flight No","CX","AC Type","Tail No","STC","Dep","Arr","STD","ATD","STA","ATA"," "," "," "," "," "," "," "," "," "," "," "," "," "," "
"05AUG07","XLA567V"," ","73H","GXLAD","C","AGP","LGW","22:15","22:28","01:00","01:17","0:00","0:00"," ","0:00","0:00"," "," "," "," "," "," "," "," "," ",""," "," "," Summary","Leg","ABH","BLH","Taxi","Fuel","Pax","Total:","","","","","0","0","Minimum Value:","","","","0","0","Maximum Value:","","","","0","0","Average:","","","","0","","Operations Control","Version 2006, 2, 1, 1  (07DEC06)","DNO","Worksets/LIVE"
"23OCT07","09:47","Flight Statistics Report","Page -1 of 1","Legselect: LGW 738 FLIGHTS","01AUG2007 - 07AUG2007","Time mode: UTC","Frequency: 1234567"," ","Date","Flight No","CX","AC Type","Tail No","STC","Dep","Arr","STD","ATD","STA","ATA"," "," "," "," "," "," "," "," "," "," "," "," "," "," "
"05AUG07","XLA5956"," ","73H","GXLAD","C","LGW","BIA","04:40","04:35","07:05","06:44","0:00","0:00"," ","0:00","0:00"," "," "," "," "," "," "," "," "," ",""," "," "," Summary","Leg","ABH","BLH","Taxi","Fuel","Pax","Total:","","","","","0","0","Minimum Value:","","","","0","0","Maximum Value:","","","","0","0","Average:","","","","0","","Operations Control","Version 2006, 2, 1, 1  (07DEC06)","DNO","Worksets/LIVE"
"23OCT07","09:47","Flight Statistics Report","Page -1 of 1","Legselect: LGW 738 FLIGHTS","01AUG2007 - 07AUG2007","Time mode: UTC","Frequency: 1234567"," ","Date","Flight No","CX","AC Type","Tail No","STC","Dep","Arr","STD","ATD","STA","ATA"," "," "," "," "," "," "," "," "," "," "," "," "," "," "
"05AUG07","XLA5957"," ","73H","GXLAD","C","BIA","LGW","08:05","08:00","10:25","10:10","0:00","0:00"," ","0:00","0:00"," "," "," "," "," "," "," "," "," ",""," "," "," Summary","Leg","ABH","BLH","Taxi","Fuel","Pax","Total:","","","","","0","0","Minimum Value:","","","","0","0","Maximum Value:","","","","0","0","Average:","","","","0","","Operations Control","Version 2006, 2, 1, 1  (07DEC06)","DNO","Worksets/LIVE"
"23OCT07","09:47","Flight Statistics Report","Page -1 of 1","Legselect: LGW 738 FLIGHTS","01AUG2007 - 07AUG2007","Time mode: UTC","Frequency: 1234567"," ","Date","Flight No","CX","AC Type","Tail No","STC","Dep","Arr","STD","ATD","STA","ATA"," "," "," "," "," "," "," "," "," "," "," "," "," "," "
"05AUG07","XLA5150"," ","73H","GXLAI","C","LGW","HER","04:00","04:10","07:50","08:05","0:00","0:00"," ","0:00","0:00"," "," "," "," "," "," "," "," "," ",""," "," "," Summary","Leg","ABH","BLH","Taxi","Fuel","Pax","Total:","","","","","0","0","Minimum Value:","","","","0","0","Maximum Value:","","","","0","0","Average:","","","","0","","Operations Control","Version 2006, 2, 1, 1  (07DEC06)","DNO","Worksets/LIVE"
"23OCT07","09:47","Flight Statistics Report","Page -1 of 1","Legselect: LGW 738 FLIGHTS","01AUG2007 - 07AUG2007","Time mode: UTC","Frequency: 1234567"," ","Date","Flight No","CX","AC Type","Tail No","STC","Dep","Arr","STD","ATD","STA","ATA"," "," "," "," "," "," "," "," "," "," "," "," "," "," "
"05AUG07","XLA311V"," ","73H","GXLAN","C","ZTH","LGW","12:30","17:25","16:00","20:50","0:00","0:00"," ","0:00","0:00"," "," "," "," "," "," "," "," "," ",""," "," "," Summary","Leg","ABH","BLH","Taxi","Fuel","Pax","Total:","","","","","0","0","Minimum Value:","","","","0","0","Maximum Value:","","","","0","0","Average:","","","","0","","Operations Control","Version 2006, 2, 1, 1  (07DEC06)","DNO","Worksets/LIVE"
"23OCT07","09:47","Flight Statistics Report","Page -1 of 1","Legselect: LGW 738 FLIGHTS","01AUG2007 - 07AUG2007","Time mode: UTC","Frequency: 1234567"," ","Date","Flight No","CX","AC Type","Tail No","STC","Dep","Arr","STD","ATD","STA","ATA"," "," "," "," "," "," "," "," "," "," "," "," "," "," "
"05AUG07","XLA578V"," ","73H","GXLAN","C","LGW","ALC","18:10","22:20","20:40","00:43","0:00","0:00"," ","0:00","0:00"," "," "," "," "," "," "," "," "," ",""," "," "," Summary","Leg","ABH","BLH","Taxi","Fuel","Pax","Total:","","","","","0","0","Minimum Value:","","","","0","0","Maximum Value:","","","","0","0","Average:","","","","0","","Operations Control","Version 2006, 2, 1, 1  (07DEC06)","DNO","Worksets/LIVE"
"23OCT07","09:47","Flight Statistics Report","Page -1 of 1","Legselect: LGW 738 FLIGHTS","01AUG2007 - 07AUG2007","Time mode: UTC","Frequency: 1234567"," ","Date","Flight No","CX","AC Type","Tail No","STC","Dep","Arr","STD","ATD","STA","ATA"," "," "," "," "," "," "," "," "," "," "," "," "," "," "
"05AUG07","XLA579V"," ","73H","GXLAN","C","ALC","LGW","21:50","01:39","00:25","03:55","0:00","0:00"," ","0:00","0:00"," "," "," "," "," "," "," "," "," ",""," "," "," Summary","Leg","ABH","BLH","Taxi","Fuel","Pax","Total:","","","","","0","0","Minimum Value:","","","","0","0","Maximum Value:","","","","0","0","Average:","","","","0","","Operations Control","Version 2006, 2, 1, 1  (07DEC06)","DNO","Worksets/LIVE"
"23OCT07","09:47","Flight Statistics Report","Page -1 of 1","Legselect: LGW 738 FLIGHTS","01AUG2007 - 07AUG2007","Time mode: UTC","Frequency: 1234567"," ","Date","Flight No","CX","AC Type","Tail No","STC","Dep","Arr","STD","ATD","STA","ATA"," "," "," "," "," "," "," "," "," "," "," "," "," "," "
"05AUG07","XLA310V"," ","73H","GXLAO","C","LGW","ZTH","08:15","09:05","11:30","12:25","0:00","0:00"," ","0:00","0:00"," "," "," "," "," "," "," "," "," ",""," "," "," Summary","Leg","ABH","BLH","Taxi","Fuel","Pax","Total:","","","","","0","0","Minimum Value:","","","","0","0","Maximum Value:","","","","0","0","Average:","","","","0","","Operations Control","Version 2006, 2, 1, 1  (07DEC06)","DNO","Worksets/LIVE"
"23OCT07","09:47","Flight Statistics Report","Page -1 of 1","Legselect: LGW 738 FLIGHTS","01AUG2007 - 07AUG2007","Time mode: UTC","Frequency: 1234567"," ","Date","Flight No","CX","AC Type","Tail No","STC","Dep","Arr","STD","ATD","STA","ATA"," "," "," "," "," "," "," "," "," "," "," "," "," "," "
"05AUG07","XLA501V"," ","73H","GXLAO","C","LPA","LGW","03:05","02:54","07:15","06:40","0:00","0:00"," ","0:00","0:00"," "," "," "," "," "," "," "," "," ",""," "," "," Summary","Leg","ABH","BLH","Taxi","Fuel","Pax","Total:","","","","","0","0","Minimum Value:","","","","0","0","Maximum Value:","","","","0","0","Average:","","","","0","","Operations Control","Version 2006, 2, 1, 1  (07DEC06)","DNO","Worksets/LIVE"
"23OCT07","09:47","Flight Statistics Report","Page -1 of 1","Legselect: LGW 738 FLIGHTS","01AUG2007 - 07AUG2007","Time mode: UTC","Frequency: 1234567"," ","Date","Flight No","CX","AC Type","Tail No","STC","Dep","Arr","STD","ATD","STA","ATA"," "," "," "," "," "," "," "," "," "," "," "," "," "," "
"06AUG07","BA6880"," ","73H","GOXLA","C","LGW","FAO","07:30","07:34","10:20","10:15","0:00","0:00"," ","0:00","0:00"," "," "," "," "," "," "," "," "," ",""," "," "," Summary","Leg","ABH","BLH","Taxi","Fuel","Pax","Total:","","","","","0","0","Minimum Value:","","","","0","0","Maximum Value:","","","","0","0","Average:","","","","0","","Operations Control","Version 2006, 2, 1, 1  (07DEC06)","DNO","Worksets/LIVE"
"23OCT07","09:47","Flight Statistics Report","Page -1 of 1","Legselect: LGW 738 FLIGHTS","01AUG2007 - 07AUG2007","Time mode: UTC","Frequency: 1234567"," ","Date","Flight No","CX","AC Type","Tail No","STC","Dep","Arr","STD","ATD","STA","ATA"," "," "," "," "," "," "," "," "," "," "," "," "," "," "
"06AUG07","BA6881"," ","73H","GOXLA","C","FAO","LGW","11:10","11:10","13:55","13:45","0:00","0:00"," ","0:00","0:00"," "," "," "," "," "," "," "," "," ",""," "," "," Summary","Leg","ABH","BLH","Taxi","Fuel","Pax","Total:","","","","","0","0","Minimum Value:","","","","0","0","Maximum Value:","","","","0","0","Average:","","","","0","","Operations Control","Version 2006, 2, 1, 1  (07DEC06)","DNO","Worksets/LIVE"
"23OCT07","09:47","Flight Statistics Report","Page -1 of 1","Legselect: LGW 738 FLIGHTS","01AUG2007 - 07AUG2007","Time mode: UTC","Frequency: 1234567"," ","Date","Flight No","CX","AC Type","Tail No","STC","Dep","Arr","STD","ATD","STA","ATA"," "," "," "," "," "," "," "," "," "," "," "," "," "," "
"06AUG07","BA6994"," ","73H","GOXLA","C","LGW","LPA","14:55","15:07","19:10","19:27","0:00","0:00"," ","0:00","0:00"," "," "," "," "," "," "," "," "," ",""," "," "," Summary","Leg","ABH","BLH","Taxi","Fuel","Pax","Total:","","","","","0","0","Minimum Value:","","","","0","0","Maximum Value:","","","","0","0","Average:","","","","0","","Operations Control","Version 2006, 2, 1, 1  (07DEC06)","DNO","Worksets/LIVE"
"23OCT07","09:47","Flight Statistics Report","Page -1 of 1","Legselect: LGW 738 FLIGHTS","01AUG2007 - 07AUG2007","Time mode: UTC","Frequency: 1234567"," ","Date","Flight No","CX","AC Type","Tail No","STC","Dep","Arr","STD","ATD","STA","ATA"," "," "," "," "," "," "," "," "," "," "," "," "," "," "
"06AUG07","BA6995"," ","73H","GOXLA","C","LPA","LGW","20:10","20:15","00:05","00:07","0:00","0:00"," ","0:00","0:00"," "," "," "," "," "," "," "," "," ",""," "," "," Summary","Leg","ABH","BLH","Taxi","Fuel","Pax","Total:","","","","","0","0","Minimum Value:","","","","0","0","Maximum Value:","","","","0","0","Average:","","","","0","","Operations Control","Version 2006, 2, 1, 1  (07DEC06)","DNO","Worksets/LIVE"
"23OCT07","09:47","Flight Statistics Report","Page -1 of 1","Legselect: LGW 738 FLIGHTS","01AUG2007 - 07AUG2007","Time mode: UTC","Frequency: 1234567"," ","Date","Flight No","CX","AC Type","Tail No","STC","Dep","Arr","STD","ATD","STA","ATA"," "," "," "," "," "," "," "," "," "," "," "," "," "," "
"06AUG07","XLA510V"," ","73H","GOXLC","C","LGW","LPA","12:55","12:53","17:10","17:03","0:00","0:00"," ","0:00","0:00"," "," "," "," "," "," "," "," "," ",""," "," "," Summary","Leg","ABH","BLH","Taxi","Fuel","Pax","Total:","","","","","0","0","Minimum Value:","","","","0","0","Maximum Value:","","","","0","0","Average:","","","","0","","Operations Control","Version 2006, 2, 1, 1  (07DEC06)","DNO","Worksets/LIVE"
"23OCT07","09:47","Flight Statistics Report","Page -1 of 1","Legselect: LGW 738 FLIGHTS","01AUG2007 - 07AUG2007","Time mode: UTC","Frequency: 1234567"," ","Date","Flight No","CX","AC Type","Tail No","STC","Dep","Arr","STD","ATD","STA","ATA"," "," "," "," "," "," "," "," "," "," "," "," "," "," "
"06AUG07","XLA511V"," ","73H","GOXLC","C","LPA","LGW","18:10","18:00","22:15","21:55","0:00","0:00"," ","0:00","0:00"," "," "," "," "," "," "," "," "," ",""," "," "," Summary","Leg","ABH","BLH","Taxi","Fuel","Pax","Total:","","","","","0","0","Minimum Value:","","","","0","0","Maximum Value:","","","","0","0","Average:","","","","0","","Operations Control","Version 2006, 2, 1, 1  (07DEC06)","DNO","Worksets/LIVE"
"23OCT07","09:47","Flight Statistics Report","Page -1 of 1","Legselect: LGW 738 FLIGHTS","01AUG2007 - 07AUG2007","Time mode: UTC","Frequency: 1234567"," ","Date","Flight No","CX","AC Type","Tail No","STC","Dep","Arr","STD","ATD","STA","ATA"," "," "," "," "," "," "," "," "," "," "," "," "," "," "
"06AUG07","XLA580V"," ","73H","GOXLC","C","LGW","AGP","04:55","04:48","07:40","07:35","0:00","0:00"," ","0:00","0:00"," "," "," "," "," "," "," "," "," ",""," "," "," Summary","Leg","ABH","BLH","Taxi","Fuel","Pax","Total:","","","","","0","0","Minimum Value:","","","","0","0","Maximum Value:","","","","0","0","Average:","","","","0","","Operations Control","Version 2006, 2, 1, 1  (07DEC06)","DNO","Worksets/LIVE"
"23OCT07","09:47","Flight Statistics Report","Page -1 of 1","Legselect: LGW 738 FLIGHTS","01AUG2007 - 07AUG2007","Time mode: UTC","Frequency: 1234567"," ","Date","Flight No","CX","AC Type","Tail No","STC","Dep","Arr","STD","ATD","STA","ATA"," "," "," "," "," "," "," "," "," "," "," "," "," "," "
"06AUG07","XLA581V"," ","73H","GOXLC","C","AGP","LGW","08:50","08:48","11:45","11:25","0:00","0:00"," ","0:00","0:00"," "," "," "," "," "," "," "," "," ",""," "," "," Summary","Leg","ABH","BLH","Taxi","Fuel","Pax","Total:","","","","","0","0","Minimum Value:","","","","0","0","Maximum Value:","","","","0","0","Average:","","","","0","","Operations Control","Version 2006, 2, 1, 1  (07DEC06)","DNO","Worksets/LIVE"
"23OCT07","09:47","Flight Statistics Report","Page -1 of 1","Legselect: LGW 738 FLIGHTS","01AUG2007 - 07AUG2007","Time mode: UTC","Frequency: 1234567"," ","Date","Flight No","CX","AC Type","Tail No","STC","Dep","Arr","STD","ATD","STA","ATA"," "," "," "," "," "," "," "," "," "," "," "," "," "," "
"06AUG07","XLA5026"," ","73H","GXLAC","C","LGW","PXO","06:00","05:55","10:00","10:43","0:00","0:00"," ","0:00","0:00"," "," "," "," "," "," "," "," "," ",""," "," "," Summary","Leg","ABH","BLH","Taxi","Fuel","Pax","Total:","","","","","0","0","Minimum Value:","","","","0","0","Maximum Value:","","","","0","0","Average:","","","","0","","Operations Control","Version 2006, 2, 1, 1  (07DEC06)","DNO","Worksets/LIVE"
"23OCT07","09:47","Flight Statistics Report","Page -1 of 1","Legselect: LGW 738 FLIGHTS","01AUG2007 - 07AUG2007","Time mode: UTC","Frequency: 1234567"," ","Date","Flight No","CX","AC Type","Tail No","STC","Dep","Arr","STD","ATD","STA","ATA"," "," "," "," "," "," "," "," "," "," "," "," "," "," "
"06AUG07","XLA5027"," ","73H","GXLAC","C","PXO","LGW","10:40","13:08","14:10","16:35","0:00","0:00"," ","0:00","0:00"," "," "," "," "," "," "," "," "," ",""," "," "," Summary","Leg","ABH","BLH","Taxi","Fuel","Pax","Total:","","","","","0","0","Minimum Value:","","","","0","0","Maximum Value:","","","","0","0","Average:","","","","0","","Operations Control","Version 2006, 2, 1, 1  (07DEC06)","DNO","Worksets/LIVE"
"23OCT07","09:47","Flight Statistics Report","Page -1 of 1","Legselect: LGW 738 FLIGHTS","01AUG2007 - 07AUG2007","Time mode: UTC","Frequency: 1234567"," ","Date","Flight No","CX","AC Type","Tail No","STC","Dep","Arr","STD","ATD","STA","ATA"," "," "," "," "," "," "," "," "," "," "," "," "," "," "
"06AUG07","XLA568V"," ","73H","GXLAC","C","LGW","HER","16:55","18:00","20:55","21:40","0:00","0:00"," ","0:00","0:00"," "," "," "," "," "," "," "," "," ",""," "," "," Summary","Leg","ABH","BLH","Taxi","Fuel","Pax","Total:","","","","","0","0","Minimum Value:","","","","0","0","Maximum Value:","","","","0","0","Average:","","","","0","","Operations Control","Version 2006, 2, 1, 1  (07DEC06)","DNO","Worksets/LIVE"
"23OCT07","09:47","Flight Statistics Report","Page -1 of 1","Legselect: LGW 738 FLIGHTS","01AUG2007 - 07AUG2007","Time mode: UTC","Frequency: 1234567"," ","Date","Flight No","CX","AC Type","Tail No","STC","Dep","Arr","STD","ATD","STA","ATA"," "," "," "," "," "," "," "," "," "," "," "," "," "," "
"06AUG07","XLA569V"," ","73H","GXLAC","C","HER","LGW","21:55","22:37","02:05","02:25","0:00","0:00"," ","0:00","0:00"," "," "," "," "," "," "," "," "," ",""," "," "," Summary","Leg","ABH","BLH","Taxi","Fuel","Pax","Total:","","","","","0","0","Minimum Value:","","","","0","0","Maximum Value:","","","","0","0","Average:","","","","0","","Operations Control","Version 2006, 2, 1, 1  (07DEC06)","DNO","Worksets/LIVE"
"23OCT07","09:47","Flight Statistics Report","Page -1 of 1","Legselect: LGW 738 FLIGHTS","01AUG2007 - 07AUG2007","Time mode: UTC","Frequency: 1234567"," ","Date","Flight No","CX","AC Type","Tail No","STC","Dep","Arr","STD","ATD","STA","ATA"," "," "," "," "," "," "," "," "," "," "," "," "," "," "
"06AUG07","XLA508V"," ","73H","GXLAD","C","LGW","MAH","05:40","05:35","07:40","07:53","0:00","0:00"," ","0:00","0:00"," "," "," "," "," "," "," "," "," ",""," "," "," Summary","Leg","ABH","BLH","Taxi","Fuel","Pax","Total:","","","","","0","0","Minimum Value:","","","","0","0","Maximum Value:","","","","0","0","Average:","","","","0","","Operations Control","Version 2006, 2, 1, 1  (07DEC06)","DNO","Worksets/LIVE"
"23OCT07","09:47","Flight Statistics Report","Page -1 of 1","Legselect: LGW 738 FLIGHTS","01AUG2007 - 07AUG2007","Time mode: UTC","Frequency: 1234567"," ","Date","Flight No","CX","AC Type","Tail No","STC","Dep","Arr","STD","ATD","STA","ATA"," "," "," "," "," "," "," "," "," "," "," "," "," "," "
"06AUG07","XLA509V"," ","73H","GXLAD","C","MAH","LGW","08:40","08:43","11:15","10:55","0:00","0:00"," ","0:00","0:00"," "," "," "," "," "," "," "," "," ",""," "," "," Summary","Leg","ABH","BLH","Taxi","Fuel","Pax","Total:","","","","","0","0","Minimum Value:","","","","0","0","Maximum Value:","","","","0","0","Average:","","","","0","","Operations Control","Version 2006, 2, 1, 1  (07DEC06)","DNO","Worksets/LIVE"
"23OCT07","09:47","Flight Statistics Report","Page -1 of 1","Legselect: LGW 738 FLIGHTS","01AUG2007 - 07AUG2007","Time mode: UTC","Frequency: 1234567"," ","Date","Flight No","CX","AC Type","Tail No","STC","Dep","Arr","STD","ATD","STA","ATA"," "," "," "," "," "," "," "," "," "," "," "," "," "," "
"06AUG07","XLA596V"," ","73H","GXLAD","C","LGW","LXR","12:40","13:13","17:55","18:05","0:00","0:00"," ","0:00","0:00"," "," "," "," "," "," "," "," "," ",""," "," "," Summary","Leg","ABH","BLH","Taxi","Fuel","Pax","Total:","","","","","0","0","Minimum Value:","","","","0","0","Maximum Value:","","","","0","0","Average:","","","","0","","Operations Control","Version 2006, 2, 1, 1  (07DEC06)","DNO","Worksets/LIVE"
"23OCT07","09:47","Flight Statistics Report","Page -1 of 1","Legselect: LGW 738 FLIGHTS","01AUG2007 - 07AUG2007","Time mode: UTC","Frequency: 1234567"," ","Date","Flight No","CX","AC Type","Tail No","STC","Dep","Arr","STD","ATD","STA","ATA"," "," "," "," "," "," "," "," "," "," "," "," "," "," "
"06AUG07","XLA597V"," ","73H","GXLAD","C","LXR","LGW","18:55","19:18","00:30","00:40","0:00","0:00"," ","0:00","0:00"," "," "," "," "," "," "," "," "," ",""," "," "," Summary","Leg","ABH","BLH","Taxi","Fuel","Pax","Total:","","","","","0","0","Minimum Value:","","","","0","0","Maximum Value:","","","","0","0","Average:","","","","0","","Operations Control","Version 2006, 2, 1, 1  (07DEC06)","DNO","Worksets/LIVE"
"23OCT07","09:47","Flight Statistics Report","Page -1 of 1","Legselect: LGW 738 FLIGHTS","01AUG2007 - 07AUG2007","Time mode: UTC","Frequency: 1234567"," ","Date","Flight No","CX","AC Type","Tail No","STC","Dep","Arr","STD","ATD","STA","ATA"," "," "," "," "," "," "," "," "," "," "," "," "," "," "
"06AUG07","XLA540V"," ","73H","GXLAN","C","LGW","ACE","06:00","05:58","10:05","10:04","0:00","0:00"," ","0:00","0:00"," "," "," "," "," "," "," "," "," ",""," "," "," Summary","Leg","ABH","BLH","Taxi","Fuel","Pax","Total:","","","","","0","0","Minimum Value:","","","","0","0","Maximum Value:","","","","0","0","Average:","","","","0","","Operations Control","Version 2006, 2, 1, 1  (07DEC06)","DNO","Worksets/LIVE"
"23OCT07","09:47","Flight Statistics Report","Page -1 of 1","Legselect: LGW 738 FLIGHTS","01AUG2007 - 07AUG2007","Time mode: UTC","Frequency: 1234567"," ","Date","Flight No","CX","AC Type","Tail No","STC","Dep","Arr","STD","ATD","STA","ATA"," "," "," "," "," "," "," "," "," "," "," "," "," "," "
"06AUG07","XLA541V"," ","73H","GXLAN","C","ACE","LGW","11:05","10:59","15:05","14:40","0:00","0:00"," ","0:00","0:00"," "," "," "," "," "," "," "," "," ",""," "," "," Summary","Leg","ABH","BLH","Taxi","Fuel","Pax","Total:","","","","","0","0","Minimum Value:","","","","0","0","Maximum Value:","","","","0","0","Average:","","","","0","","Operations Control","Version 2006, 2, 1, 1  (07DEC06)","DNO","Worksets/LIVE"
"23OCT07","09:47","Flight Statistics Report","Page -1 of 1","Legselect: LGW 738 FLIGHTS","01AUG2007 - 07AUG2007","Time mode: UTC","Frequency: 1234567"," ","Date","Flight No","CX","AC Type","Tail No","STC","Dep","Arr","STD","ATD","STA","ATA"," "," "," "," "," "," "," "," "," "," "," "," "," "," "
"06AUG07","XLA560V"," ","73H","GXLAN","C","LGW","BOJ","15:30","15:35","19:25","18:57","0:00","0:00"," ","0:00","0:00"," "," "," "," "," "," "," "," "," ",""," "," "," Summary","Leg","ABH","BLH","Taxi","Fuel","Pax","Total:","","","","","0","0","Minimum Value:","","","","0","0","Maximum Value:","","","","0","0","Average:","","","","0","","Operations Control","Version 2006, 2, 1, 1  (07DEC06)","DNO","Worksets/LIVE"
"23OCT07","09:47","Flight Statistics Report","Page -1 of 1","Legselect: LGW 738 FLIGHTS","01AUG2007 - 07AUG2007","Time mode: UTC","Frequency: 1234567"," ","Date","Flight No","CX","AC Type","Tail No","STC","Dep","Arr","STD","ATD","STA","ATA"," "," "," "," "," "," "," "," "," "," "," "," "," "," "
"06AUG07","XLA561V"," ","73H","GXLAN","C","BOJ","LGW","20:25","20:29","23:50","23:42","0:00","0:00"," ","0:00","0:00"," "," "," "," "," "," "," "," "," ",""," "," "," Summary","Leg","ABH","BLH","Taxi","Fuel","Pax","Total:","","","","","0","0","Minimum Value:","","","","0","0","Maximum Value:","","","","0","0","Average:","","","","0","","Operations Control","Version 2006, 2, 1, 1  (07DEC06)","DNO","Worksets/LIVE"
"23OCT07","09:47","Flight Statistics Report","Page -1 of 1","Legselect: LGW 738 FLIGHTS","01AUG2007 - 07AUG2007","Time mode: UTC","Frequency: 1234567"," ","Date","Flight No","CX","AC Type","Tail No","STC","Dep","Arr","STD","ATD","STA","ATA"," "," "," "," "," "," "," "," "," "," "," "," "," "," "
"07AUG07","BA6932"," ","73H","GOXLA","C","LGW","MLA","06:15","06:23","09:30","09:30","0:00","0:00"," ","0:00","0:00"," "," "," "," "," "," "," "," "," ",""," "," "," Summary","Leg","ABH","BLH","Taxi","Fuel","Pax","Total:","","","","","0","0","Minimum Value:","","","","0","0","Maximum Value:","","","","0","0","Average:","","","","0","","Operations Control","Version 2006, 2, 1, 1  (07DEC06)","DNO","Worksets/LIVE"
"23OCT07","09:47","Flight Statistics Report","Page -1 of 1","Legselect: LGW 738 FLIGHTS","01AUG2007 - 07AUG2007","Time mode: UTC","Frequency: 1234567"," ","Date","Flight No","CX","AC Type","Tail No","STC","Dep","Arr","STD","ATD","STA","ATA"," "," "," "," "," "," "," "," "," "," "," "," "," "," "
"07AUG07","BA6933"," ","73H","GOXLA","C","MLA","LGW","10:25","10:32","13:40","13:32","0:00","0:00"," ","0:00","0:00"," "," "," "," "," "," "," "," "," ",""," "," "," Summary","Leg","ABH","BLH","Taxi","Fuel","Pax","Total:","","","","","0","0","Minimum Value:","","","","0","0","Maximum Value:","","","","0","0","Average:","","","","0","","Operations Control","Version 2006, 2, 1, 1  (07DEC06)","DNO","Worksets/LIVE"
"23OCT07","09:47","Flight Statistics Report","Page -1 of 1","Legselect: LGW 738 FLIGHTS","01AUG2007 - 07AUG2007","Time mode: UTC","Frequency: 1234567"," ","Date","Flight No","CX","AC Type","Tail No","STC","Dep","Arr","STD","ATD","STA","ATA"," "," "," "," "," "," "," "," "," "," "," "," "," "," "
"07AUG07","XLA5248"," ","73H","GOXLC","C","LGW","JTR","14:55","14:48","19:00","18:38","0:00","0:00"," ","0:00","0:00"," "," "," "," "," "," "," "," "," ",""," "," "," Summary","Leg","ABH","BLH","Taxi","Fuel","Pax","Total:","","","","","0","0","Minimum Value:","","","","0","0","Maximum Value:","","","","0","0","Average:","","","","0","","Operations Control","Version 2006, 2, 1, 1  (07DEC06)","DNO","Worksets/LIVE"
"23OCT07","09:47","Flight Statistics Report","Page -1 of 1","Legselect: LGW 738 FLIGHTS","01AUG2007 - 07AUG2007","Time mode: UTC","Frequency: 1234567"," ","Date","Flight No","CX","AC Type","Tail No","STC","Dep","Arr","STD","ATD","STA","ATA"," "," "," "," "," "," "," "," "," "," "," "," "," "," "
"07AUG07","XLA5249"," ","73H","GOXLC","C","JTR","LGW","20:00","19:45","23:55","23:30","0:00","0:00"," ","0:00","0:00"," "," "," "," "," "," "," "," "," ",""," "," "," Summary","Leg","ABH","BLH","Taxi","Fuel","Pax","Total:","","","","","0","0","Minimum Value:","","","","0","0","Maximum Value:","","","","0","0","Average:","","","","0","","Operations Control","Version 2006, 2, 1, 1  (07DEC06)","DNO","Worksets/LIVE"
"23OCT07","09:47","Flight Statistics Report","Page -1 of 1","Legselect: LGW 738 FLIGHTS","01AUG2007 - 07AUG2007","Time mode: UTC","Frequency: 1234567"," ","Date","Flight No","CX","AC Type","Tail No","STC","Dep","Arr","STD","ATD","STA","ATA"," "," "," "," "," "," "," "," "," "," "," "," "," "," "
"07AUG07","XLA584V"," ","73H","GOXLC","C","LGW","CHQ","04:00","03:55","07:45","07:45","0:00","0:00"," ","0:00","0:00"," "," "," "," "," "," "," "," "," ",""," "," "," Summary","Leg","ABH","BLH","Taxi","Fuel","Pax","Total:","","","","","0","0","Minimum Value:","","","","0","0","Maximum Value:","","","","0","0","Average:","","","","0","","Operations Control","Version 2006, 2, 1, 1  (07DEC06)","DNO","Worksets/LIVE"
"23OCT07","09:47","Flight Statistics Report","Page -1 of 1","Legselect: LGW 738 FLIGHTS","01AUG2007 - 07AUG2007","Time mode: UTC","Frequency: 1234567"," ","Date","Flight No","CX","AC Type","Tail No","STC","Dep","Arr","STD","ATD","STA","ATA"," "," "," "," "," "," "," "," "," "," "," "," "," "," "
"07AUG07","XLA585V"," ","73H","GOXLC","C","CHQ","LGW","08:45","08:45","12:40","12:35","0:00","0:00"," ","0:00","0:00"," "," "," "," "," "," "," "," "," ",""," "," "," Summary","Leg","ABH","BLH","Taxi","Fuel","Pax","Total:","","","","","0","0","Minimum Value:","","","","0","0","Maximum Value:","","","","0","0","Average:","","","","0","","Operations Control","Version 2006, 2, 1, 1  (07DEC06)","DNO","Worksets/LIVE"
"23OCT07","09:47","Flight Statistics Report","Page -1 of 1","Legselect: LGW 738 FLIGHTS","01AUG2007 - 07AUG2007","Time mode: UTC","Frequency: 1234567"," ","Date","Flight No","CX","AC Type","Tail No","STC","Dep","Arr","STD","ATD","STA","ATA"," "," "," "," "," "," "," "," "," "," "," "," "," "," "
"07AUG07","XLA348V"," ","73H","GXLAC","C","LGW","SSH","12:40","13:00","17:55","18:20","0:00","0:00"," ","0:00","0:00"," "," "," "," "," "," "," "," "," ",""," "," "," Summary","Leg","ABH","BLH","Taxi","Fuel","Pax","Total:","","","","","0","0","Minimum Value:","","","","0","0","Maximum Value:","","","","0","0","Average:","","","","0","","Operations Control","Version 2006, 2, 1, 1  (07DEC06)","DNO","Worksets/LIVE"
"23OCT07","09:47","Flight Statistics Report","Page -1 of 1","Legselect: LGW 738 FLIGHTS","01AUG2007 - 07AUG2007","Time mode: UTC","Frequency: 1234567"," ","Date","Flight No","CX","AC Type","Tail No","STC","Dep","Arr","STD","ATD","STA","ATA"," "," "," "," "," "," "," "," "," "," "," "," "," "," "
"07AUG07","XLA349V"," ","73H","GXLAC","C","SSH","LGW","18:55","19:10","00:30","00:30","0:00","0:00"," ","0:00","0:00"," "," "," "," "," "," "," "," "," ",""," "," "," Summary","Leg","ABH","BLH","Taxi","Fuel","Pax","Total:","","","","","0","0","Minimum Value:","","","","0","0","Maximum Value:","","","","0","0","Average:","","","","0","","Operations Control","Version 2006, 2, 1, 1  (07DEC06)","DNO","Worksets/LIVE"
"23OCT07","09:47","Flight Statistics Report","Page -1 of 1","Legselect: LGW 738 FLIGHTS","01AUG2007 - 07AUG2007","Time mode: UTC","Frequency: 1234567"," ","Date","Flight No","CX","AC Type","Tail No","STC","Dep","Arr","STD","ATD","STA","ATA"," "," "," "," "," "," "," "," "," "," "," "," "," "," "
"07AUG07","XLA5240"," ","73H","GXLAC","C","LGW","ALC","05:15","06:29","07:40","09:01","0:00","0:00"," ","0:00","0:00"," "," "," "," "," "," "," "," "," ",""," "," "," Summary","Leg","ABH","BLH","Taxi","Fuel","Pax","Total:","","","","","0","0","Minimum Value:","","","","0","0","Maximum Value:","","","","0","0","Average:","","","","0","","Operations Control","Version 2006, 2, 1, 1  (07DEC06)","DNO","Worksets/LIVE"
"23OCT07","09:47","Flight Statistics Report","Page -1 of 1","Legselect: LGW 738 FLIGHTS","01AUG2007 - 07AUG2007","Time mode: UTC","Frequency: 1234567"," ","Date","Flight No","CX","AC Type","Tail No","STC","Dep","Arr","STD","ATD","STA","ATA"," "," "," "," "," "," "," "," "," "," "," "," "," "," "
"07AUG07","XLA5241"," ","73H","GXLAC","C","ALC","LGW","08:40","09:45","11:05","12:05","0:00","0:00"," ","0:00","0:00"," "," "," "," "," "," "," "," "," ",""," "," "," Summary","Leg","ABH","BLH","Taxi","Fuel","Pax","Total:","","","","","0","0","Minimum Value:","","","","0","0","Maximum Value:","","","","0","0","Average:","","","","0","","Operations Control","Version 2006, 2, 1, 1  (07DEC06)","DNO","Worksets/LIVE"
"23OCT07","09:47","Flight Statistics Report","Page -1 of 1","Legselect: LGW 738 FLIGHTS","01AUG2007 - 07AUG2007","Time mode: UTC","Frequency: 1234567"," ","Date","Flight No","CX","AC Type","Tail No","STC","Dep","Arr","STD","ATD","STA","ATA"," "," "," "," "," "," "," "," "," "," "," "," "," "," "
"07AUG07","XLA5212"," ","73H","GXLAD","C","LGW","JTR","05:40","05:55","09:30","09:37","0:00","0:00"," ","0:00","0:00"," "," "," "," "," "," "," "," "," ",""," "," "," Summary","Leg","ABH","BLH","Taxi","Fuel","Pax","Total:","","","","","0","0","Minimum Value:","","","","0","0","Maximum Value:","","","","0","0","Average:","","","","0","","Operations Control","Version 2006, 2, 1, 1  (07DEC06)","DNO","Worksets/LIVE"
"23OCT07","09:47","Flight Statistics Report","Page -1 of 1","Legselect: LGW 738 FLIGHTS","01AUG2007 - 07AUG2007","Time mode: UTC","Frequency: 1234567"," ","Date","Flight No","CX","AC Type","Tail No","STC","Dep","Arr","STD","ATD","STA","ATA"," "," "," "," "," "," "," "," "," "," "," "," "," "," "
"07AUG07","XLA5213"," ","73H","GXLAD","C","JTR","LGW","10:30","10:34","14:25","14:15","0:00","0:00"," ","0:00","0:00"," "," "," "," "," "," "," "," "," ",""," "," "," Summary","Leg","ABH","BLH","Taxi","Fuel","Pax","Total:","","","","","0","0","Minimum Value:","","","","0","0","Maximum Value:","","","","0","0","Average:","","","","0","","Operations Control","Version 2006, 2, 1, 1  (07DEC06)","DNO","Worksets/LIVE"
"23OCT07","09:47","Flight Statistics Report","Page -1 of 1","Legselect: LGW 738 FLIGHTS","01AUG2007 - 07AUG2007","Time mode: UTC","Frequency: 1234567"," ","Date","Flight No","CX","AC Type","Tail No","STC","Dep","Arr","STD","ATD","STA","ATA"," "," "," "," "," "," "," "," "," "," "," "," "," "," "
"07AUG07","XLA528V"," ","73H","GXLAD","C","LGW","TLV","15:55","15:55","20:40","20:43","0:00","0:00"," ","0:00","0:00"," "," "," "," "," "," "," "," "," ",""," "," "," Summary","Leg","ABH","BLH","Taxi","Fuel","Pax","Total:","","","","","0","0","Minimum Value:","","","","0","0","Maximum Value:","","","","0","0","Average:","","","","0","","Operations Control","Version 2006, 2, 1, 1  (07DEC06)","DNO","Worksets/LIVE"
"23OCT07","09:47","Flight Statistics Report","Page -1 of 1","Legselect: LGW 738 FLIGHTS","01AUG2007 - 07AUG2007","Time mode: UTC","Frequency: 1234567"," ","Date","Flight No","CX","AC Type","Tail No","STC","Dep","Arr","STD","ATD","STA","ATA"," "," "," "," "," "," "," "," "," "," "," "," "," "," "
"07AUG07","XLA529V"," ","73H","GXLAD","C","TLV","LGW","21:40","21:46","02:55","02:54","0:00","0:00"," ","0:00","0:00"," "," "," "," "," "," "," "," "," ",""," "," "," Summary","Leg","ABH","BLH","Taxi","Fuel","Pax","Total:","","","","","0","0","Minimum Value:","","","","0","0","Maximum Value:","","","","0","0","Average:","","","","0","","Operations Control","Version 2006, 2, 1, 1  (07DEC06)","DNO","Worksets/LIVE"
"23OCT07","09:47","Flight Statistics Report","Page -1 of 1","Legselect: LGW 738 FLIGHTS","01AUG2007 - 07AUG2007","Time mode: UTC","Frequency: 1234567"," ","Date","Flight No","CX","AC Type","Tail No","STC","Dep","Arr","STD","ATD","STA","ATA"," "," "," "," "," "," "," "," "," "," "," "," "," "," "
"07AUG07","XLA538V"," ","73H","GXLAN","C","LGW","MLA","04:55","04:45","08:10","07:55","0:00","0:00"," ","0:00","0:00"," "," "," "," "," "," "," "," "," ",""," "," "," Summary","Leg","ABH","BLH","Taxi","Fuel","Pax","Total:","","","","","0","0","Minimum Value:","","","","0","0","Maximum Value:","","","","0","0","Average:","","","","0","","Operations Control","Version 2006, 2, 1, 1  (07DEC06)","DNO","Worksets/LIVE"
"23OCT07","09:47","Flight Statistics Report","Page -1 of 1","Legselect: LGW 738 FLIGHTS","01AUG2007 - 07AUG2007","Time mode: UTC","Frequency: 1234567"," ","Date","Flight No","CX","AC Type","Tail No","STC","Dep","Arr","STD","ATD","STA","ATA"," "," "," "," "," "," "," "," "," "," "," "," "," "," "
"07AUG07","XLA539V"," ","73H","GXLAO","C","MLA","LGW","18:30","18:25","21:50","21:15","0:00","0:00"," ","0:00","0:00"," "," "," "," "," "," "," "," "," ",""," "," "," Summary","Leg","ABH","BLH","Taxi","Fuel","Pax","Total:","","","","","0","0","Minimum Value:","","","","0","0","Maximum Value:","","","","0","0","Average:","","","","0","","Operations Control","Version 2006, 2, 1, 1  (07DEC06)","DNO","Worksets/LIVE"
"23OCT07","09:47","Flight Statistics Report","Page -1 of 1","Legselect: LGW 738 FLIGHTS","01AUG2007 - 07AUG2007","Time mode: UTC","Frequency: 1234567"," ","Date","Flight No","CX","AC Type","Tail No","STC","Dep","Arr","STD","ATD","STA","ATA"," "," "," "," "," "," "," "," "," "," "," "," "," "," "
"07AUG07","BA6996"," ","73H","GOXLA","J","LGW","TFS","14:40","14:40","19:00","18:45","0:00","0:00"," ","0:00","0:00"," "," "," "," "," "," "," "," "," ",""," "," "," Summary","Leg","ABH","BLH","Taxi","Fuel","Pax","Total:","","","","","0","0","Minimum Value:","","","","0","0","Maximum Value:","","","","0","0","Average:","","","","0","","Operations Control","Version 2006, 2, 1, 1  (07DEC06)","DNO","Worksets/LIVE"
"23OCT07","09:47","Flight Statistics Report","Page -1 of 1","Legselect: LGW 738 FLIGHTS","01AUG2007 - 07AUG2007","Time mode: UTC","Frequency: 1234567"," ","Date","Flight No","CX","AC Type","Tail No","STC","Dep","Arr","STD","ATD","STA","ATA"," "," "," "," "," "," "," "," "," "," "," "," "," "," "
"07AUG07","BA6997"," ","73H","GOXLA","J","TFS","LGW","20:00","19:49","23:59","00:04","0:00","0:00"," ","0:00","0:00"," "," "," "," "," "," "," "," "," ",""," "," "," Summary","Leg","ABH","BLH","Taxi","Fuel","Pax","Total:","140","0:00","0:00","0:00","0","0","Minimum Value:","0:00","0:00","0:00","0","0","Maximum Value:","0:00","0:00","0:00","0","0","Average:","0:00","0:00","0:00","0","0","Operations Control","Version 2006, 2, 1, 1  (07DEC06)","DNO","Worksets/LIVE"
